iata,icao,name,aliases
AN,AAA,Ansett Australia,
W9,AAB,Abelag Aviation,
CT,AAE,Air Atlanta Europe,
ZI,AAF,Aigle Azur (1970),Aigle Azur Transports Aeriens|Lucas Aigle Azur|Lucas Aviation|Société Aigle Azur Transports Aériens
JI,AAG,,
KH,AAH,Aloha Air Cargo,Aeko Kula Inc.
AA,AAL,American Airlines,"AMR Corporation|American Air Lines|American Airlines Group|American Airlines, Inc.|American Airways"
OB,AAN,Oasis Airlines,
HB,AAQ,Asia Atlantic Airlines,
OZ,AAR,Asiana Airlines,ASIANA|Asiana Airlines Inc.|Asiana Cargo|Seoul Airlines
4K,AAS,Askari Aviation,
IM,AAU,Australia Asia Airlines,
8Y,AAV,Pan Pacific Airlines,Astro Air International
8U,AAW,,
G4,AAY,Allegiant Air,Allegiant
AU,AAZ,Aigle Azur (1946),L'Aigle Bleu|Société Coopérative Aérienne de Transports Méditerranéens
CC,ABD,Air Atlanta Icelandic,Air Atlanta
K5,ABE,Aban Air,
E4,ABJ,Abaeté Aviação,
8Z,ABK,Albatros Airlines,
BX,ABL,Air Busan,
ZB,ABN,Air Albania,
V6,ABP,Air Atlantique,
PA,ABQ,airblue,Air Blue|AIRBLUE
AG,ABR,ASL Airlines Ireland,ASL Ireland
9T,ABS,Transwest Air,
O4,ABV,Antrak Air,Antrak
RU,ABW,AirBridgeCargo Airlines,Air Bridge Cargo|Air Bridge Cargo Airlines|Air Bridge Cargo Airlines LLC|AirBridgeCargo
GB,ABX,ABX Air,ABEX|Airborne Express
G9,ABY,Air Arabia,
AC,ACA,Air Canada,Trans-Canada Air Lines|Air Canada Jetz|Air Canada Tango
SF,ACF,Air Charter,Air Charter International|Societé Aérienne Française d'Affrètements
SB,ACI,Aircalin,Air Caledonie International|Air Calédonie International|Societe Aircalin|Société Aircalin
9K,ACK,Nantucket Airlines,
JK,ACL,AerCaribe,
8V,ACP,Astral Aviation,
N6,ACQ,,
2S,ACV,Air Carnival,
6U,ACX,Air Cargo Germany,ACG|ACG Air Cargo Germany
G6,ACY,Fly Arna,
ZY,ADE,Ada Air,Ada-Air|Adalbanair
AP,ADH,Air One,Air One S.p.A.
Z7,ADK,ADC Airlines,ADC Airlines Nigeria|Aviation Development Company|Aviation Development Company plc
YU,ADM,,"Dominair, S.A."
HD,ADO,Air Do,Hokkaido International Airlines
JP,ADR,Adria Airways,Adria Airways d.d.|Inex Adria|Inex Adria Airways|Inex-Adria Aviopromet
3L,ADY,,
UX,AEA,Air Europa,"Air Europa Líneas Aéreas, S.A.U."
X9,AEB,Avion Express Brasil,
A3,AEE,Aegean Airlines,Aegean|Aegean Airlines S.A.|Aegean Airlines SA|Aeroporia Aigaiou
YP,AEF,Aero Lloyd,Aero Lloyd Flugreisen GmbH & Co|Aero-Lloyd Luftverkehrsgesellschaft mbH
NL,AEH,Aero4M,
A4,AEK,Aerocon,
PE,AEL,,
AN,AEN,Andorra Airlines,
EO,AEO,Aeroamerica,
KO,AER,Alaska Central Express,
VX,AES,ACES Colombia,Aerolineas Centrales de Colombia|Aerolíneas Centrales de Colombia|Colombian Central Airlines
5W,AEU,Astraeus Airlines,Astraeus
VV,AEW,Aerosvit Airlines,Aerosvit|AEROSVIT
XZ,AEZ,Aeroitalia,
WK,AFB,American Falcon,
FS,AFE,Airfast Indonesia,
7A,AFF,Afric'Air Charter,
FG,AFG,Ariana Afghan Airlines,Ariana Afghan Airlines Co. Ltd|Aryana Airlines
Y2,AFJ,,SA Alliance Air
SU,AFL,Aeroflot,Aeroflot - Russian Airlines|Aeroflot - Russian International Airlines|PJSC Aeroflot|PJSC Aeroflot – Russian Airlines
OG,AFN,Air Freight NZ,
AF,AFR,Air France,"Cie Nationale Air France|Compagnie Nationale Air France|Société Aerienne Francaise d'Affretement|Société Air France, S.A."
Q9,AFU,Afrinat International Airlines,
AW,AFW,,AWA|Africa World Airlines Limited
X7,AGB,Air Service Gabon,
VC,AGC,Air Australia,
JG,AGJ,Air Greece,Air Greece - Aerodromisis
GN,AGN,Air Gabon,
4A,AGS,Air Go Airlines,
2G,AGU,Angara Airlines,
7T,AGV,Air Glaciers,
JJ,AGX,Aviogenex,
GD,AHA,Air Alpha Greenland,
LD,AHK,Air Hong Kong,AHK Air Hong Kong Limited
HH,AHO,Air Hamburg,
HT,AHW,Aeromist-Kharkiv,
MZ,AHX,Amakusa Airlines,"AMAKUSA AIRLINES CO., LTD."
J2,AHY,Azerbaijan Airlines,AZAL|AZALJet|Buta Airways
AI,AIC,Air India,Air India Cargo
3H,AIE,Air Inuit,
KJ,AIH,Air Incheon,
4O,AIJ,Interjet,"ABC Aerolíneas, S.A. de C.V.|Interjet air|Interjet airlines|Interjet airways"
5A,AIP,Alpine Air Express,
FD,AIQ,Thai AirAsia,
RD,AIR,Airlift International,
SH,AIS,Aeris,Aeris Charter Airline
IZ,AIZ,Arkia,Arkia Airlines|Arkia Israel Airlines|Arkia Israeli Airlines|Arkia Israeli Airlines Ltd
HN,AJA,Afghan Jet International,Afghan Jet International Airlines|flyaji.com
QO,AJC,Bar Harbor Airlines,
GT,AJD,Flyvista,
7Z,AJI,Ameristar Jet Charter,"Ameristar Air Cargo, Inc."
4W,AJK,Allied Air,
JM,AJM,,
M6,AJT,Amerijet International,
9N,AJV,ANA & JP Express,
NQ,AJX,Air Japan,"Air Japan, Co.,Ltd."
ZU,AKC,Arca Colombia,
QP,AKJ,Akasa Air,
6L,AKK,Aklak Air,
IK,AKL,Air Kiribati,Air Kiribati Limited
8A,AKR,Arctic Air,
V2,AKT,Karat,
G6,AKW,,Angkor Airways Corporation
EH,AKX,ANA Wings,ANA WINGS|Air Nippon Network
AL,ALD,Air Leisure,
NL,ALI,Air Liberia,
UL,ALK,SriLankan Airlines,Sri Lankan Air|Sri Lankan Airline|Sri Lankan Airlines|SriLankan Air|SriLankan Airline
LM,ALM,ALM Antillean Airlines,Air ALM|Antilliaanse Luchtvaart Maatschappij
AL,ALO,Allegheny Airlines,ALLEGHENY
LP,ALP,Air Alpes,
9V,ALS,,
AK,ALT,Altair Airlines,
VH,ALV,Aeropostal Alas de Venezuela,Aeropostal|Linea Aeropostal Venezolana|LAV|Alas de Venezuela
EO,ALX,,Congo Airlines|FlyCongo
YZ,ALY,,
IM,AMA,Aircompany ATMA,
KM,AMC,Air Malta,Air Malta plc
A8,AMF,Ameriflight,AMFLIGHT
6M,AMG,Air Minas Linhas Aéreas,Air Minas Linhas Aereas
QM,AML,Air Malawi,
DP,AMM,Air 2000,
4A,AMP,Atsa Airlines,Aero Transporte SA
TZ,AMT,ATA Airlines,"American Trans Air|ATA Airline|ATA Airlines destinations|ATA Airlines, Inc|ATA Airlines, Inc.|ATA Cargo"
NX,AMU,Air Macau,Air Macau Company Limited
YJ,AMV,AMC Airlines,
6A,AMW,Armenia Airways,
AM,AMX,Aeroméxico,"Aeromexico|AeroMexico|AeroMéxico|Aerovías de México, S.A. de C.V."
6T,AMY,Air Mandalay,
NH,ANA,All Nippon Airways,All Nippon Airways Co.|ANA Airlines|Zennikkū
A0,ANC,,
YW,ANE,Air Nostrum,"Air Nostrum Lineas Aereas del Mediterraneo SA|Air Nostrum Líneas Aéreas del Mediterráneo SA|Air Nostrum, Líneas Aéreas del Mediterráneo, S.A.|Iberia Regional"
PX,ANG,Air Niugini,Air Niugini Limited
2T,ANH,Alajnihah Airways,Alajnihah Air Transport|Libyan Wings airlines
EL,ANK,Air Nippon,"Air Nippon Co.,Ltd"
TL,ANO,Airnorth,
VK,ANP,Air Nigeria,
YE,ANR,Yanair,
OY,ANS,,
4N,ANT,Air North,Yukon's Airline
EA,ANU,Ándalus Líneas Aéreas,Andalus Lineas Aereas
NZ,ANZ,Air New Zealand,AIZ|Air New Zealand Limited|AIR NEW ZEALAND LIMITED|Air New Zealand Ltd
K6,AOA,Apollo Airlines,
AE,AOE,,
2D,AOG,,
IW,AOM,AOM French Airlines,AOM-Minerve S.A.
XU,AOQ,,Aerovias
OE,AOW,Air Omega,
HP,APF,Amapola Flyg,PopulAir
OP,API,,Air Panama Internacional
MM,APJ,Peach,
P4,APK,Air Peace,
4P,APN,Air Polonia,
WL,APP,,Aerolíneas Islas de Las Perlas
JW,APW,,
YP,APZ,Air Premia,
QN,AQN,Air Queensland,
IP,AQQ,Apsara International Air,
W3,ARA,Arik Air,Arik
3R,ARB,Avia Air,
2B,ARD,Aerocondor,
4C,ARE,LATAM Airlines Colombia,Aerovías de Integración Regional S.A.|AIRES|LAN Colombia|LATAM Colombia
GV,ARF,Aero Flight,
AR,ARG,,Aerolineas Argentinas|Argentine Airlines
AR,ARI,Air Regional,
QK,ARN,Air Nova,
QN,ARR,Air Armenia,
6Y,ART,,
AG,ARU,Aruba Airlines,
J6,ARW,Jamaica Air Shuttle,
UR,ARZ,Azur Air Germany,
AS,ASA,Alaska Airlines,
4D,ASD,Air Sinai,
PL,ASE,Airstars,
YV,ASH,Mesa Airlines,Go!
6O,ASJ,Air Satellite,
JU,ASL,Air Serbia,Air SERBIA a.d. Beograd|AirSERBIA|Aviolet
AP,ASP,Aspen Airways,
EV,ASQ,ExpressJet,Atlantic Southeast Airlines|CANDLER|ACEY|ExpressJet Airlines
SG,ASS,Air Sarnia,
RS,ASV,Air Seoul,
OB,ASZ,Astrakhan Airlines,
TC,ATC,Air Tanzania,Air Tanzania Corporation
AM,ATE,Aeroméxico Travel,Aeromexico Travel
F5,ATG,Aerotranscargo,Aerotrans Cargo
9A,ATL,Air Atlantic,
FO,ATM,Airlines of Tasmania,Par Avion
8C,ATN,Air Transport International,"Air Transport International, Inc."
RT,ATQ,Air Turquoise,
F8,ATT,air2there,air2there.com
WP,ATW,Air Antwerp,
T6,ATX,AirSWIFT,
OS,AUA,Austrian Airlines,Austrian|Austrian Airlines AG
IQ,AUB,Augsburg Airways,Interot Airservice
MO,AUH,Presidential Flight (UAE),Abu Dhabi Amiri Flight
UU,AUI,Ukraine International Airlines,UIA|UUA|Ukraine International|Ukraine Air|Ukraine Airline|Ukraine Airlines
UI,AUK,Auric Air,
5N,AUL,Nordavia,Aeroflot-Nord|JSC Nordavia|JSC Nordavia-RA|Nordavia Air|Nordavia Airlines|Nordavia Airways
GR,AUR,Aurigny Air Services,Aurigny Air Services Limited
NO,AUS,Aus-Air,
AU,AUT,,Austral|Austral Lineas Aereas|Cielos del Sur S.A.
AO,AUZ,Australian Airlines,
AV,AVA,,Avianca S.A.
VM,AVD,Air Vendee,
VE,AVE,Avensa,Aerovias Venezolanas Sociedad Anonima|Aerovías Venezolanas Sociedad Anonima|AVENSA|Henry Lord Boulton
A0,AVI,L'Avion,
YK,AVJ,Avia Traffic Company,
NF,AVN,Air Vanuatu,
EX,AVR,Avianca Express,
2A,AWA,Air Astra,ATR|Astra Airways Limited
HO,AWB,Airways International,
ZT,AWC,Titan Airways,
RL,AWD,Airworld,
US,AWE,US Airways Shuttle,US Air Shuttle
ZW,AWI,Air Wisconsin,
YJ,AWM,Asian Wings Airways,
A7,AWN,Air Niamey,
QZ,AWQ,Indonesia AirAsia,CMPP|AirAsia Indonesia|PT AirAsia Indonesia Tbk|PT Indonesia AirAsia Tbk
2B,AWT,Albawings,
7E,AWU,Sylt Air,
6G,AWW,Air Wales,
IX,AXB,Air India Express,
VP,AXC,Indochina Airlines,Hãng Hàng không Đông Dương
ED,AXE,,Palau Pacific Airways
XU,AXK,African Express Airways,
XT,AXL,Air Exel,
AK,AXM,AirAsia,AirAsia Berhad
M4,AXX,Avioimpex,IMPEX
9X,AXY,New Axis Airways,Axis Airways|Axis French Airlines|Sinair
AO,AYC,Aviaco,Aviación y Comercio S.A.|Sociedad de Transportes Aviación y Comercio S.A.
9A,AYD,Aladia Airlines,Aladia
YI,AYE,Ying'an Airlines,
AZ,AZA,Alitalia,Alitalia – Società Aerea Italiana|Alitalia – Società Aerea Italiana S.p.A.|Alitalia Societa Aerea Italiana SpA|Alitalia Società Aerea Italiana SpA
ZN,AZB,Zambia Airways,
ZE,AZE,Arcus Air,Arcus-Air
7L,AZG,Silk Way West Airlines,
ZQ,AZM,Azman Air,Azman
Z8,AZN,Línea Aérea Amaszonas,Amaszonas Linea Aerea
ZP,AZP,,Paranair
ZP,AZQ,Silk Way Airline,Silk Way|Silk Way Air
QC,AZR,,Air Zaire
ZR,AZS,Aviacon Zitotrans,
AD,AZU,,AZUL|Azul Airlines|Azul Linhas Aéreas Brasileiras S/A
UM,AZW,Air Zimbabwe,Air Rhodesia
7L,AZX,AB Airlines,Air Bristol Ltd.
VZ,AZY,Arizona Airways,
BN,BAB,Bahrain Air,
VF,BAF,British United Air Ferries,British Air Ferries|BUAF
DI,BAG,Delta Air,dba|Delta Air Taxiflug
BA,BAT,British Airways Limited,
QH,BAV,Bamboo Airways,
BA,BAW,British Airways,British Airways plc
BB,BBB,Balair,
BG,BBC,,Biman|Bangladesh Airlines|Biman Bangladesh
BO,BBD,Bluebird Nordic,Bluebird Cargo
BZ,BBG,Bluebird Airways,
F7,BBO,Baboo,
S3,BBR,SBA Airlines,SBA|Santa Barbara|Santa Barbara Airlines|Santa Bárbara Airlines|Santa Barbara Airlines C.A|Santa Bárbara Airlines C.A
B5,BBT,BBN Airlines Türkiye,
BQ,BBV,Bravo Airlines,
8B,BCC,Business Air,Intira Airlines
SI,BCI,Blue Islands,Rockhopper|Le Cocq's Airlink
QY,BCS,European Air Transport Leipzig,European Air Transport|EAT|European Air|European Air Transport N.V./S.A.
UQ,BCV,Business Aviation Center,BUSINESS AVIATION CENTRE
WX,BCY,CityJet,
BZ,BDA,Blue Dart Aviation,
J4,BDR,Badr Airlines,
4V,BDY,Birdy Airlines,
Z9,BEK,Bek Air,BEKAIR
SN,BEL,Brussels Airlines,BEE-LINE|HR3
AB,BER,Air Berlin,Air Berlin PLC & Co. Luftverkehrs KG|airberlin|Airberlin|airberlin.com
W4,BES,Aero Services Executive,ASE
J4,BFL,Buffalo Airways,
3B,BFR,Burkina Airlines,
8B,BFY,Bremenfly,
4Y,BGA,Airbus Transport International,
A8,BGL,Benin Golf Air,
2B,BGM,Ak Bars Aero,
U4,BHA,Buddha Air,Buddha Air Pvt. Ltd
UH,BHL,Bristow Helicopters,Bristow Helicopters Limited|Bristow Norway|Norsk Helikopter
B4,BHO,Bhoja Air,
4T,BHP,Belair,Belair Airlines|Belair Switzerland
UP,BHS,,Bahamasair Holdings Limited
PQ,BHT,Boğaziçi Hava Taşımacılığı,
KT,BHY,Birgenair,
KD,BIA,British Island Airways (1982),BIA (1982)
ML,BIE,Air Méditerranée,Air Mediterranee
BS,BIH,British International Helicopters,
AX,BIM,Binter Mediterraneo,
GY,BIS,Sky Bishkek,
TT,BIX,Braathens International Airways,
CA,BJN,Beijing Airlines,
X3,BKL,Baikal Airlines,BAIKAL
PG,BKP,Bangkok Airways,"Bangkok Air|Bangkok Airways Public Company Limited|Bangkok Airways Public Co., Ltd."
BQ,BKV,Bukovyna Airlines,
0B,BLA,Blue Air,
JJ,BLC,Brasil Central Linhas Aéreas,Brasil Central Linhas Aereas
4Y,BLE,Blue Line,
KF,BLF,Blue1,Air Botnia|Blue1 Oy
DH,BLR,Atlantic Coast Airlines,
JV,BLS,Bearskin Airlines,Bearskin Lake Air Service LP
B3,BLV,,Bellview
6B,BLX,TUIfly Nordic,TUI fly Nordic
BD,BMA,British Midland Airways Limited,BMI - British Midland|Bmi (airline)|BMI (airline)|BMI (Airline)|Bmi British Midland|BMI British Midland
WW,BMI,Bmibaby,
CH,BMJ,Bemidji Airlines,
5Z,BML,Bismillah Airlines,
8A,BMM,Atlas Blue,
BM,BMR,Flybmi,British Midland Regional Limited|BMI Regional|British Midland Regional
BN,BNF,Braniff International Airways,"Braniff|Braniff Airways|Braniff Airways, Inc.|Braniff International|Braniff (1983–1989)|Braniff, Inc."
W9,BNW,British NorthWest Airlines,
KG,BNX,LAI – Línea Aérea IAACA,Línea Aérea IAACA
PR,BOI,2GO Air,2GO Travel Philippines
2L,BOL,Transportes Aéreos Bolivianos,Transportes Aereos Bolivianos
JA,BON,B&H Airlines,B&H Airlines d.o.o.
LV,BOS,OpenSkies,BA OpenSkies
BP,BOT,Air Botswana,Air Botswana Corporation
BO,BOU,Bouraq Indonesia Airlines,
OB,BOV,Boliviana de Aviación,BOA|BoA|Bolivian National Strategic Public Aviation Company
3S,BOX,AeroLogic,Aerologic
BV,BPA,Blue Panorama Airlines S.p.A.,Blue Panorama|Blue Panorama Airlines
RP,BPS,Budapest Aircraft Service,BASe|BASe Airlines
5Q,BQB,,BQB Lineas Aereas
BQ,BQI,Aermediterranea,
BU,BRA,Braathens,Braathens S.A.F.E. Air Transport|Braathens SAFE|Braathens South American & Far East Airtransport A/S
B7,BRB,BRA Transportes Aéreos,BRA Transportes Aereos
8E,BRG,Bering Air,
YB,BRJ,Borajet,
HR,BRN,Air Bremen,
UZ,BRQ,Buraq Air,
TH,BRT,British Regional Airlines,BA Connect
B2,BRU,Belavia,"Belavia - Belarusian Airlines|Joint Stock Company ""Belavia Belarusian Airlines"""
K6,BRV,,
DC,BRX,,BRAAB|Braathens Regional Airways|Braathens Regional Airways AB|Golden Air|Kullaflyg
BC,BRY,Brymon Airways,
E5,BRZ,Samara Airlines,
KW,BSC,Aerostan,
LL,BSK,Miami Air International,
6Z,BSP,Bosphorus Airways,
G6,BSR,Guine Bissau Airlines,Safari Guiné Bissau Airlines
5B,BSX,Bassaka Air,Bassaka Air Limited|Bassakaair
GQ,BSY,Big Sky Airlines,
RU,BTA,Britt Airways,Britt Airlines|Vercoa Air Service
V9,BTC,BAL Bashkirian Airlines,
BT,BTI,AirBaltic,A/S Air Baltic Corporation|Air Baltic|AS Air Baltic Corporation
ID,BTK,Batik Air,
B3,BTN,Bhutan Airlines,Tashi Air|Tashi Air Pvt. Ltd
4B,BTQ,Boutique Air,
B8,BTR,Botir-Avia,
BR,BUA,British United Airways,BUA British United Airways
ZB,BUB,Air Bourbon,Air Comores International
H6,BUC,European Air Charter,Bulgarian Air Charter
RT,BUG,UVT Aero,UVT
U4,BUN,Buryat Airlines,
B1,BUR,Air Bucharest,
UK,BUZ,,
XV,BVI,BVI Airways,
LB,BVL,Bul Air,
J8,BVT,Berjaya Air,
03,BVU,,
BW,BWA,,BWIA West Indies Airways|BWIA West Indies Airways Ltd.|Caribbean Airlines Limited
QW,BWG,Blue Wings,
9H,BXL,Bonaire Express,
BX,BXS,Spantax,Spantax S.A.
BD,BYC,Cambodia Bayon Airlines,
DB,BZH,Brit Air,Brittany Air International
Z4,BZW,Zircon Airways Benin,
8F,CAD,Cardig Air,
F6,CAG,China National Aviation Corporation,CNAC
CT,CAH,Command Airways,
XC,CAI,Corendon Airlines,
CI,CAL,China Airlines,Dynasty
CA,CAO,Air China Cargo,
CS,CAS,Cambrian Airways,
CT,CAT,Civil Air Transport,
MO,CAV,Calm Air,Calm Air International
MN,CAW,,Comair Limited|kulula.com
KX,CAY,Cayman Airways,
B9,CBC,Caribair,
QA,CBE,MexicanaClick,Aerocaribe
CJ,CBF,China Northern Airlines,
GX,CBG,GX Airlines,Guangxi Airlines|Guangxi Beibu Airlines|Guangxi Beibu Gulf Airlines
JD,CBJ,Beijing Capital Airlines,Deer Jet Airlines
CA,CCA,Air China,CAAC Airlines|Air China Limited
UB,CCC,Air Cargo Global,
CA,CCD,Dalian Airlines,
OE,CCE,Cairo Aviation,
CQ,CCG,Czech Connect Airlines,
PT,CCI,Capital Cargo International Airlines,
XK,CCM,Air Corsica,CCM Airlines|Compagnie Aérienne Corse Méditerranée S.A.E.M.|Compagnie Corse Méditerranée|Corsican Airlines|Cumpagnia Aerea Corsa Mediterrania
MG,CCP,Champion Air,
9C,CCS,Samair,
GJ,CDC,Loong Air,CDI Cargo Airlines|Zhejiang Loong Airlines|Zhejiang Loong Airlines Co Ltd|Zhejiang Loong Airlines Co. Ltd.
SC,CDG,Shandong Airlines,Shandong|Shandong Air
CP,CDN,Canadian Airlines International,Canadian Airlines|Canadian Airlines International Ltd.
OT,CDO,,
Q6,CDP,Aero Cóndor,Aero Condor|Aero Condor Peru
KI,CDR,Canadian Regional Airlines,
3C,CEA,RegionsAir,Corporate Express / Corporate Airlines / RegionsAir
5J,CEB,Cebu Pacific,Cebu Airlines|Cebu Pacific Air|Cegnes Airlines|Cegnes Pacifes
C2,CEL,CEIBA Intercontinental,
MU,CES,China Eastern Airlines,China Eastern|China Eastern Airlines Corporation
Y2,CEY,Air Century,"Air Century, C x A"
CJ,CFE,BA CityFlyer,
DE,CFG,Condor Flugdienst,Condor|Condor Airlines|Condor Flugdienst GmbH
CF,CFP,,Compañía de Aviación Faucet|Faucett Peru
EM,CFS,Empire Airlines,
A7,CFV,CALAFIAAIRLINES,AEREO CALAFIA
8Z,CGA,,
GT,CGH,Air Guilin,
C4,CGK,Click Airways,
SJ,CGL,Seagle Air,
9H,CGN,Air Changan,Chang'an Airlines
8L,CGP,Cargo Plus Aviation,
GY,CGZ,Colorful Guizhou Airlines,
PN,CHB,West Air,China West Air
CD,CHC,CITIC Offshore Helicopter,China Ocean Helicopter Corp.
X7,CHF,Chitaavia,
HU,CHH,Hainan Airlines,HNA|Hainan Airlines Company Limited|Hainan Airways
OP,CHK,Chalk's International Airlines,
6A,CHP,Aviacsa,Aldo Rogelio Equihua
RP,CHQ,Chautauqua Airlines,"Chautauqua Airlines, Inc."
Y6,CIK,AB Aviation,
C7,CIN,Cinnamon Air,
6E,CIP,City-Air,City Air
5F,CIR,Arctic Circle Air,
A2,CIU,Cielos Airlines,
2I,CIW,Civair,
G3,CIX,City Connexion Airlines,
C6,CJA,CanJet,CanJet Airlines
9L,CJC,Colgan Air,COLGAN
W8,CJT,Cargojet,Cargojet Airways|Cargojet Canada|Cargojet Inc.
RY,CJX,Jiangxi Air,
CK,CKK,China Cargo Airlines,
K4,CKS,Kalitta Air,American International Airways|CONNIE
KT,CKT,Caledonian Airways,
CL,CLA,Color Air,
CE,CLG,Chalair Aviation,
CL,CLH,,CityLine
XG,CLI,Clickair,
P3,CLU,CargoLogicAir,
CL,CLW,LOT Charters,
CV,CLX,Cargolux,Cargolux Airlines International|Cargolux Airlines International S.A.|Cargolux S.A.
2C,CMA,CMA CGM Air Cargo,
CS,CMI,Continental Micronesia,Continental Air Micronesia
I5,CMM,,CAM|Compagnie Aerienne du Mali|Compagnie Aérienne du Mali
CA,CMN,Air China Inner Mongolia,
CM,CMP,Copa Airlines,"Compañía Panameña de Aviación|Compañía Panameña de Aviación, S.A.|Copa"
3C,CMV,Calima Aviación,Calima Aviacion
7N,CNA,Centavia,
ZM,CNB,CityLine Hungary,
CD,CND,Corendon Dutch Airlines,
PM,CNF,Canaryfly,
BE,CNL,Centennial Airlines,
FW,CNM,Canarias Regional Air,
BU,CNO,SAS Braathens,
CO,CNW,North-Western Cargo International Airlines,
CO,COA,Continental Airlines,
OH,COM,,
7C,COY,Coyne Airways,
F5,COZ,Cosmic Air,
CX,CPA,Cathay Pacific,Cathay|Cathay Pacific Airlines|Cathay Pacific Airlines Limited
CP,CPC,Canadian Pacific Air Lines,CPAL|EMPRESS
BZ,CPG,,CAPITAL|Yorkshire International Airline
RV,CPN,,IV|CASPIAN
CP,CPZ,Compass Airlines,
9C,CQH,Spring Airlines,
OQ,CQN,Chongqing Airlines,
C8,CRA,Cronos Airlines,
CC,CRB,Air Atlanta,
QC,CRC,Camair-Co,Cameroon Airlines Corporation
QC,CRD,Air Corridor,
2G,CRG,Cargoitalia,
HX,CRK,Hong Kong Airlines,Hong Kong Air|Hong Kong Airlines Ltd
SS,CRL,Corsair International,Corsair|Corsair Airlines|Corsair S.A.|Corsairfly|Corse Air International
7L,CRN,Aerocaribbean,Aero Caribbean|Empresa Aerocaribbean SA
YN,CRQ,Air Creebec,
LX,CRX,Crossair,Crossair (aerolinie)|Crossair AG|Crossair AG für europäischen Regionalluftverkehr|Crossair Ltd. Co. for Regional European Air Transport
SC,CRZ,Serviços Aéreos Cruzeiro do Sul,Cruzeiro do Sul
OK,CSA,Czech Airlines,Czechoslovak Airlines|České aerolinie|Československé aerolinie|CSA Czech Airlines|CSA Czechoslovak Airlines|CSA-LINES
2I,CSB,21 Air,
3U,CSC,Sichuan Airlines,"Sichuan|Sichuan Air|Sichuan Airlines Co., Ltd."
UY,CSG,Air Caucasus,
FM,CSH,Shanghai Airlines,Shanghai Air
CZ,CSN,China Southern Airlines,"China Southern|China Southern Airlines Co., Ltd."
II,CSQ,IBC Airways,
O3,CSS,SF Airlines,SF|SF Air
BX,CST,Coast Air,Coast Aero Center
CQ,CSV,Coastal Aviation,
ZH,CSZ,Shenzhen Airlines,Shenzhen Air
GP,CTH,China General Aviation,
OU,CTN,Croatia Airlines,Croatia Airlines Ltd.
J7,CTO,Air Croatia,
DF,CTS,Centre-South,Center-South
5R,CTT,Custom Air Transport,
QG,CTV,Citilink,
KN,CUA,China United Airlines,
CU,CUB,Cubana de Aviación,Cubana|Cubana de Aviacion|Cubana de Aviación S.A.
UQ,CUH,Urumqi Air,
X5,CUS,Cronus Airlines,
CV,CVA,Air Chathams,Air Chathams Limited
J7,CVC,Centre-Avia,Centre-Avia Airlines
YR,CVU,Grand Canyon Airlines,
WE,CWC,Centurion Air Cargo,
WU,CWU,Wuhan Airlines,
MF,CXA,Xiamen Airlines,"Xiamen|Xiamen Air|Xiamen Airline|Air Road Cargo|AIR ROAD LOGISTICS CO., LTD|Shangzhou Aviation Logistics Co., Ltd."
9Q,CXE,Caicos Express Airways,
XW,CXH,China Xinhua Airlines,
XR,CXI,Corendon Airlines Europe,
XO,CXJ,China Xinjiang Airlines,
SZ,CXN,China Southwest Airlines,
XP,CXP,Tahoe Air,SkyValue
E9,CXS,Boston-Maine Airways,
ZA,CYD,AccessAir,Access Air
U8,CYF,Tus Airways,
3Q,CYH,China Eastern Yunnan Airlines,China Yunnan Airlines
CT,CYL,Alitalia CityLiner,
Z2,CYN,Zhongyuan Airlines,
CY,CYP,Cyprus Airways,Cyprus Airways (Public) Ltd.|Charlie Airlines
CF,CYZ,China Postal Airlines,Zhōngguó Yóuzhèng Hángkōng
DA,DAC,Daily Air,Daily
D5,DAE,DHL Aero Expreso,
N2,DAG,Dagestan Airlines,
AH,DAH,Air Algérie,CAT|Compagnie Air Transport|Air Algeria|Air Algerie|Air Algerie SpA|Air Algérie SpA
DL,DAL,Delta Air Lines,"Delta|Delta Air Lines, Inc.|Delta Airlines|Song|Delta Express|Delta Shuttle"
D2,DAM,Damania Airways,
9J,DAN,Dana Air,Dana
D3,DAO,Daallo Airlines,
V5,DAP,,Aerovias DAP
D5,DAU,Dauair,
BH,DBH,,
2D,DBK,Dubrovnik Airline,
BU,DBP,,CAA|flyCAA
5D,DBR,DutchBird,
K8,DCE,Dutch Caribbean Airlines,
Z9,DCP,,
2G,DEB,Debonair,
3C,DEC,Deccan 360,
9H,DEI,Ecoair International,
DX,DEN,Danair,
9D,DET,DETA Air,
YM,DGB,Air Dabia,
Q7,DHA,DHL Air Austria,
KI,DHI,Adam Air,ADAM SKY|PT. Adam SkyConnection Airlines
D0,DHK,DHL Air UK,DHL Air|DHL Air Ltd.
ER,DHL,Astar Air Cargo,ASTAR Air Cargo
ES,DHX,DHL International Aviation ME,DHL Aviation EEMEA B.S.C.(c)|SNAS/DHL
OP,DIG,,
AW,DIR,Dirgantara Air Service,
HO,DJA,Antinea Airlines,Algerian airline
D8,DJB,Djibouti Airlines,
B0,DJT,La Compagnie,La Compagnie Boutique Airline
DJ,DJU,Air Djibouti,
HO,DKH,,Jixiang Airlines|Juneyao Airlines|Juneyao Airways|Shanghai Jixiang Airlines
DN,DKN,Deccan Charters,Simplifly Deccan|Air Deccan
EN,DLA,Air Dolomiti,AIR DOLOMITI L.A.R.E. S.p.A|Air Dolomiti S.p.A.
LH,DLH,Lufthansa,Lufthansa Regional|Deutsche Lufthansa|Deutsche Lufthansa AG|Deutsche Lufthansa Aktiengesellschaft|Lufthansa German Airlines
DW,DLT,DLT Deutsche Luftverkehrsgesellschaft,
3I,DLU,Air Comet Chile,
E3,DMO,Domodedovo Airlines,
9H,DNL,Dutch Antilles Express,
J7,DNM,Denim Air,FlyNonstop
R6,DNU,DOT LT,Danu Oro Transportas|Danu oro transportas Lietuvos
D9,DNV,Donavia,Aeroflot-Don
DO,DOA,,Dominicana|Dominicana de Aviacion
G2,DOB,Dobrolet Airlines,
Q2,DQA,Maldivian,
NM,DRD,Air Madrid,Air Madrid Lineas Aereas S.A.|Air Madrid Líneas Aéreas S.A.
KB,DRK,Drukair,"Druk Air|Drukair - Royal Bhutan Airlines|Drukair – Royal Bhutan Airlines|Drukair — Royal Bhutan Airlines|Drukair Corporation Limited|Drukair, Royal Bhutan Airlines"
XO,DRS,Volar Airlines,
6R,DRU,ALROSA Air Company,Alrosa Mirny Air Enterprise
D8,DSL,Diamond Sakha Airlines,
4M,DSM,,Lan Air|Lan Argentina|LATAM air|LATAM Airlines Argentina
WD,DSR,DAS Air Cargo,Das Air Cargo
DT,DTA,TAAG Angola Airlines,2007 TAAG Angola Airlines crash|Air Angola|Air Transport Division|Angola Air|Angola Airlines|TAAG - Angola Airlines
SF,DTH,Domestic Airlines,
DX,DTR,,Danish Air Transport
VB,DUO,Duo Airways,
DH,DVA,Discovery Airways,
3R,DVR,Divi Divi Air,
DM,DWI,,Dominican Wings
F7,DWT,Darwin Airline,Etihad Regional
8C,DXH,East Star Airlines,
DY,DYA,Alyemda,
4A,DYN,California Pacific Airlines,Aerodynamics Inc.
KR,EAA,Air Bishkek,
E2,EAB,Eagle Atlantic Airlines,
E7,EAF,European Aviation Air Charter,
NZ,EAG,Eagle Airways,
EI,EAI,Aer Lingus Regional,
5B,EAK,Euro-Asia Air,
2D,EAL,"Eastern Airlines, LLC",Dynamic Airways|Dynamic International Airways|Eastern Airlines
NB,EAN,Skypower Express Airways,
QF,EAQ,Eastern Australia Airlines,
EE,EAY,Aero Airlines,
X7,EAZ,Eastern Air,
UI,ECA,Eurocypria Airlines,Eurocypria Airlines Limited
WL,ECB,European Coastal Airlines,
QE,ECC,Crossair Europe,European Continental Airways
8J,ECO,EcoJet,EcoJet Airline
EC,ECS,Air Ecosse,
8W,EDR,Fly All Ways,
WK,EDW,Edelweiss Air,Edelweiss Air AG
EU,EEA,Ecuatoriana de Aviación,Ecuatoriana|Ecuatoriana de Aviacion
GJ,EEZ,Eurofly,
EY,EFL,,
A0,EFW,BA EuroFlyer,
8E,EFX,Easy Fly Express,
VE,EFY,Clic Air,EasyFly
OW,EGF,Executive Airlines,
E3,EGS,PRiMA Aero Trasporti Italiani,
H7,EGU,,
EA,EHN,East Horizon Airlines,
EZ,EIA,Evergreen International Airlines,
EI,EIN,Aer Lingus,
1I,EJA,NetJets,Executive Jet Aviation|Netjets Aviation
EC,EJU,easyJet Europe,
E7,EKA,,
EL,ELA,E-Liner Airways,
EL,ELB,Ellinair,
E8,ELG,Alpi Eagles,
S8,ELK,ELK Estonian Aviation Company,
OV,ELL,Estonian Air,AS Estonian Air
K2,ELO,EuroLOT,
00,ELR,Elrom Airways,
TJ,ELV,TANS Peru,
LY,ELY,EL AL Israel Airlines Ltd.,Up
Y0,EMJ,Yellow Air Taxi,
3E,EMU,Sky Shuttle Helicopters,Sky Shuttle
3W,EMX,EuroManx,
EL,ENJ,Nort Jet,
E4,ENT,Enter Air,Enter Air Spolka z.o.o.
MQ,ENY,Envoy Air,American Eagle Airlines|American Eagle operated by Envoy Air|Envoy Air Inc.|Envoy Airlines
RF,EOK,Aero K,
DZ,EPA,Donghai Airlines,
DD,EPC,Conti-Flug,
KY,EQL,Air São Tomé and Príncipe,"Linhas Aéreas de São Tomé e Príncipe, Lda"
LC,EQR,,Equatorial Congo Airlines
NH,EQX,Equair,"EquinoxAir S.A.S,"
7U,ERG,Aviaenergo,
7H,ERH,Era Aviation,
EG,ERN,Ernest Airlines,Ernest S.p.A.
7R,ERS,Red Sea Air,
B8,ERT,Eritrean Airlines,
6S,ESC,Sol América,Sol America
K9,ESD,Esen Air,
ES,ESF,Estafeta Carga Aérea,Estafeta Carga Aerea|Estafeta Cargo
EE,ESJ,Eastern SkyJets,
NE,ESK,SkyEurope Airlines,SkyEurope
P7,ESL,Russian Sky Airlines,
ZE,ESR,Eastar Jet,
E0,ESS,Eos Airlines,"eos|Eos Airlines, Inc."
EE,EST,Nordica,NAG|NAgroup|Nordic Aviation Group|Xfly|Regional Jet
BF,ETA,Timor Air,
EY,ETD,Etihad Airways,Etihad
ET,ETH,Ethiopian Airlines,Ethiopian
EG,ETJ,East Air,
2Q,ETS,Avitrans Nordic,
RN,EUH,Air Horizons,
VE,EUJ,EUjet,
EG,EUK,Aer Lingus UK,
RN,EUL,Euralair,
6M,EUP,EuroAir,
UH,EUS,Eurasia Airlines,
BR,EVA,EVA Air,EVA AIR|Eva Airways
E9,EVE,Evelop Airlines,
8K,EVS,Exploits Valley Air Services,EVAS Air
EW,EWA,East-West Airlines,
E2,EWE,Eurowings Austria,Eurowings Europe GmbH|EWL
EW,EWG,Eurowings,Eurowings GmbH
E6,EWL,Eurowings Europe,Eurowings Europe Ltd.|Eurowings Malta
ZD,EWR,Ewa Air,
5D,EWT,Eastwest Airlines,
EB,EWW,Emery Worldwide,
CQ,EXL,Sunshine Express Airlines,
LS,EXS,Jet2.com,Channel Express|Jet2
8D,EXV,FitsAir,ExpoAir
XZ,EXY,South African Express,Congo Express|SA Express|South African Express Air|South African Express Airways
EY,EYT,EAS Europe Airlines,EAS Europe Aero Service|Europe Aero Service
EF,EZA,Eznis Airways,MG
Z2,EZD,Zest Airways,"AirAsia Zest|AirAsia ZEST Airways, Inc."
T3,EZE,Eastern Airways,
7Z,EZR,Z Air,Medicair NV dba EZAir
DS,EZS,EasyJet Switzerland,
9A,EZX,Eaglexpress,
U2,EZY,,EasyJet Airline Company Limited|easyJet plc
LI,EZZ,ETF Airways,
7F,FAB,First Air,Bradley Air Services
F3,FAD,flyadeal,
PC,FAJ,Air Fiji,
6F,FAO,Falcon Air Express,
FA,FAV,Finnaviation,Finnaviation Oy
IF,FBA,Fly Baghdad,
6W,FBS,FlyBosnia,
BF,FBU,French Bee,French Blue
FO,FBZ,,Flybondi.com
DP,FCA,First Choice Airways,
CO,FCB,Cobalt Air,Cobalt
F6,FCC,First Cambodia Airlines,
N7,FCM,Nordic Regional Airlines,Flybe Finland Oy|Flybe Nordic|Nordic Regional Airlines Oy|NORRA
IH,FCN,Falcon Air,
7B,FCO,Fly Blue Crane,
FC,FCX,Falcon Express Cargo Airlines,
JH,FDA,Fuji Dream Airlines,
FZ,FDB,flydubai,FlyDubai|Flydubai air|FlyDubai Airlines|FlyDubai airways|Dubai Aviation Corporation
4J,FDK,FlyDamas,
ZD,FDN,Dolphin Air,FLYING DOLPHIN|Flying Dolphin Airlines|Santa Cruz Imperial Airlines
7V,FDR,Federal Air,
FX,FDX,FedEx Express,FEDEX|Fed Ex Air|Fed EX Express|Fed Ex Express Air|Fedex air
LW,FDY,Sun Air International,Sun Air Express
FE,FEA,Far Eastern Air Transport,FAT|FAT Taiwan Inc.
FT,FEG,FlyEgypt,Flyegypt|FlyEgypt Air|FlyEgypt Airlines|FlyEgypt Airways
SA,FEM,Zimbabwe Airlink,
N5,FEY,FLYeasy,
F4,FFA,Fly4 Airlines,
FY,FFM,Firefly,FlyFirefly Sdn Bhd
8F,FFR,Fischer Air,air FISCHER
F9,FFT,Frontier Airlines,
5H,FFV,Fly540,Five Forty Aviation Ltd.
JH,FFX,Flex Linhas Aéreas,Flex Linhas Aereas
9Y,FGE,Fly Georgia,FlyGeorgia
F0,FGL,Futura Gael,
4V,FGW,Parata Air,Fly Gangwon|Fly Yangyang
HW,FHE,Hello,Hello AG
MI,FHM,Freebird Airlines Europe,
FH,FHY,Freebird Airlines,Freebird Air|Freebird Airways|Hürkuş Havayolu Taşımacılık ve Ticaret A.Ş.
5F,FIA,FlyOne,FLY ONE
3F,FIE,,
OF,FIF,Air Finland,Oy Air Finland Ltd.
AY,FIN,Finnair,Aero O/Y|Aero Osakeyhtiö|Aero Oy|Finnair airlines|Finnair airways|Finnair Oyj
FJ,FJA,Fiji Link,Pacific Sun|Fiji Airlines Limited
Y7,FJE,Flyjet,
FJ,FJI,Fiji Airways,Air Pacific
9P,FJL,Fly Jinnah,
OJ,FJM,,
FN,FJW,Fastjet Zimbabwe,
QH,FLA,Air Florida,PALM
4H,FLB,Fly Linhas Aéreas,Fly Linhas Aereas
F8,FLE,Flair Airlines,
9E,FLG,Endeavor Air,"Endeavor Air, Inc.|Express Airlines I|Northwest Express Airlines|Pinnacle Airlines"
RC,FLI,Atlantic Airways,
VB,FLK,Flylink Express,
F2,FLM,Fly Air,
B5,FLT,Flightline,
ZO,FLX,Florida Express,
SH,FLY,,
YS,FLZ,Flightlink,
ND,FMI,Fmi air,
FO,FOF,Fred. Olsens Flyselskap,Fred Olsen|Fred. Olsen|Fred. Olsen Air Transport
SJ,FOM,,
VK,FOO,Level Europe,Anisec Luftfahrt
VY,FOS,Formosa Airlines,Yung Shing Airlines
5G,FOX,Royal Fly-GH,
FP,FPI,,
5O,FPO,ASL Airlines France,ASL France|Europe Airpost|Intercargo Service|InterCiel Services|L'Aeropostale
QO,FQA,Quikjet Airlines,Quikjet Cargo
FP,FRE,,FlyPelican
6F,FRJ,Afrijet Airlines,
F8,FRL,Freedom Airlines,
FT,FRO,Frost Air,
IX,FRS,Flandre Air,
FS,FSA,Free Spirit Airlines,
HK,FSC,Four Star Air Cargo,
7K,FSH,Flash Airlines,
F3,FSW,Faso Airways,
2F,FTA,Frontier Flying Service,
FN,FTZ,Fastjet Tanzania,
FH,FUA,Futura International Airways,
IV,FVG,VG Airlines,
VK,FVJ,ValueJet,
VF,FVK,FlyViking,
I4,FWA,Interstate Airlines,
TX,FWI,Air Caraïbes,Air Caraibes|AirCaraibes|AirCaraïbes
RF,FWL,Florida West International Airways,
YC,FWQ,Flight West Airlines,
NY,FXI,Air Iceland,Flugfélag Íslands|Air Iceland Connect|Flugfelag Islands
FO,FXX,Felix Airways,Al Saeeda
FU,FZA,Fuzhou Airlines,
Z7,FZW,Zimbabwe flyafrica.com,
W2,GAC,GlobeAir,
3R,GAI,Moskovia Airlines,Gromov Air
5S,GAK,Global Aviation and Services Group,Global Air Transport
2P,GAP,PAL Express,Airphil Express
QG,GBB,Global Aviation,
GY,GBK,Gabon Airlines,
GT,GBL,GB Airways,
3G,GBQ,Gambia Bird,
TZ,GBU,Air Bissau,
9A,GCA,Gran Colombia de Aviación,GCA Airlines
GC,GCB,,
GR,GCO,Gemini Air Cargo,
GS,GCR,Tianjin Airlines,CS|Tianjin Air|Tianjin Airline
CN,GDC,Grand China Air,
DW,GDE,Great Dane Airlines,
8L,GDI,Grand Air International,Grand International Airways
GP,GDR,Gadair European Airlines,
LH,GEC,Lufthansa Cargo,German Cargo
D4,GEL,Geosky,
GE,GER,Guernsey Airlines,
GF,GFA,Gulf Air,Gulf Airlines|Gulf Airways|Gulfair|Gulf Traveller
QB,GFG,Sky Georgia,Georgian National Airlines
8B,GFI,Caribbean Star Airlines,Caribbean Star
3M,GFT,Gulfstream International Airlines,
8Y,GGE,Ecuato Guineana,Ecuato Guineana de Aviación (EGA)|EGA
ZX,GGN,Air Georgian,Air Georgian Limited
G0,GHB,,
GO,GHN,,
GA,GIA,Garuda Indonesia,Garuda|GIAA|KLM Interinsulair Bedrijf|Garuda Air|Garuda Airline|Garuda Airlines
GI,GIB,Air Guinée,Air Guinee|Compagnie Nationale Air Guinee|Compagnie Nationale Air Guinée
E4,GIE,Elysian Airlines,
J9,GIF,Guinee Airlines,
9C,GIL,Gill Airways,
2U,GIP,Air Guinee Express,
RE,GJM,Airhub Airlines,
G7,GJS,GoJet Airlines LLC,GoJet Airlines
GW,GJT,GetJet Airlines,
ZK,GLA,Great Lakes Airlines,Great Lakes Aviation|LAKES AIR
2K,GLG,Avianca Ecuador,AeroGal|Aerolineas Galapagos S.A. Aerogal
G3,GLO,Gol Transportes Aéreos,Gol Air|Gol Air Transport|Gol Transport Air|Gol Transportes Aereos|VRG Linhas Aéreas S.A. - Grupo GOL
GH,GLP,Globus,Globus Airlines
9M,GLR,Central Mountain Air,
Z5,GMG,GMG Airlines,
ST,GMI,Germania,Germania Air|Germania Airlines|Germania Airways
L3,GMQ,Germania Express,
Y5,GMR,Golden Myanmar Airlines,
UJ,GMT,Magnicharters,
LQ,GNC,Air Guinea Cargo,
G7,GNF,Gandalf Airlines,
4L,GNN,Georgian International Airlines,
GC,GNR,Gambia International Airlines,
0A,GNT,Amber Air,
IC,GOA,Fly91,FLY91|Just Udo Aviation Private Limited
GO,GOE,Go Fly,
YD,GOM,Gomelavia,
G8,GOW,Go First,GoAir
ZG,GOZ,Grozny Avia,Groznyy Avia
TJ,GPD,Tradewind Aviation,
IV,GPX,GP Aviation,
GL,GRL,Air Greenland,Gronlandsfly|Grønlandsfly
WK,GRN,Greenair,
LL,GRO,Líneas Aéreas Allegro,Lineas Aereas Allegro
GD,GSC,Grandstar Cargo,
Y2,GSM,Flyglobespan,
XH,GSS,Global Supply Systems,
CS,GSW,,Germania Flug|Germania Flug AG
E8,GTA,City Airways,
5Y,GTI,Atlas Air,"GIANT|Atlas Air Worldwide Holdings|Atlas Air Worldwide|Atlas Air, Inc.|AtlasAir"
KG,GTV,Aerogaviota,
GU,GUG,,Aviateca
GV,GUN,Grant Aviation,
3S,GUY,Air Guyane Express,Air Guyane Express SP|Air Antilles
GW,GWA,Golden West Airlines,
4U,GWI,Germanwings,
IJ,GWL,Great Wall Airlines,
G6,GWR,Aura Airlines,Gowair|Gowair Vacation Airlines
U5,GWY,USA3000 Airlines,"Brendan Airways, LLC|USA 3000"
G6,GXA,,
J7,GXY,Galaxy Airlines,Galaxy Airlines (Japan)
GY,GYA,Guyana Airways,
4G,GZP,Gazprom Avia,
Z4,GZQ,Zagrosjet,Zagrosjet  زاگرۆس جێت
H6,HAG,Hageland Aviation Services,
HA,HAL,Hawaiian Airlines,Hawaiian Air
2T,HAM,Haïti Ambassador Airlines,
HB,HAR,Harbor Airlines,
HX,HAS,Hamburg Airlines,Hamburg AL
HT,HAT,Air Horizont,
HK,HAY,Hamburg Airways,
WD,HBC,Halisa Air,
NS,HBH,Hebei Airlines,
HG,HBN,Hibernian Airlines (2017),
HC,HCC,Holidays Czech Airlines,
7Z,HCV,Halcyonair,Halcyonair - Cabo Verde Airways
V9,HCW,Star1 Airlines,
ZU,HCY,Helios Airways,
KA,HDA,Cathay Dragon,Dragonair|Cathay Dragon 國泰港龍|Hong Kong Dragon Airlines|Hong Kong Dragon Airlines Limited|Hong Kong Dragon Airlines Ltd
UD,HER,Hex'Air,
5Q,HES,Holiday Europe,
5M,HFM,Hi Fly Malta,
5K,HFY,Hi Fly,"Hi Fly Air|Hi Fly Airlines|Springjet|SPRINGJET, S.A."
4H,HGG,Hi Air,
LE,HGL,Helgoland Airlines,IAAI Air Service
HE,HGO,One Air,
ZF,HHA,Atlantic Airlines de Honduras,
4R,HHI,Hamburg International,
HR,HHN,Hahn Air,Hahn|Hahn Airlines|Hahnair
H9,HIM,Himalaya Airlines,
ZS,HIS,Hispaniola Airways,
HJ,HJA,Air Haïti,
SO,HKA,Superior Aviation,
UO,HKE,HK Express,Hong Kong Express Airlines|Hong Kong Express Airways|Hong Kong Express Airways Limited
L5,HKS,CHC Helikopter Service,
HW,HLD,Holiday Airlines,
I9,HLF,Central Airlines,
H3,HLJ,HelloJets,
HD,HLN,Air Holland,
JH,HLQ,Harlequin Air,
X3,HLX,Hapag-Lloyd Express,
H3,HME,Hermes Aviation,
DU,HMS,Hemus Air,
HQ,HMY,Harmony Airways,
OI,HND,Hinterland Aviation,
H5,HOA,Hola Airlines,Baleares Link Express SL
4S,HON,AeroHonduras,
A5,HOP,Air France Hop,HOPǃ
WR,HRH,Royal Tongan Airlines,
H3,HRM,Hermes Airlines,Bosnian Wand Airlines
HN,HST,Heston Airlines,
HS,HSV,Direktflyg,
9I,HTA,Helitrans,
TV,HTC,Haiti Trans Air,
H9,HTH,Helitt Líneas Aéreas,Helitt Lineas Aereas
HT,HTT,Air Tchad,
VN,HVN,Vietnam Airlines,Vietnam Air|Vietnam Airline|Vietnam Airlines Company Limited
8H,HWY,Highland Airways,Fly Lappeenranta
G5,HXA,China Express Airlines,
YZ,HXL,HollandExel,
H7,HYM,HiSky,
H4,HYS,HiSky Europe,
YG,HYT,YTO Cargo Airlines,
BN,HZA,Horizon Airlines,Horizon Airlines (Australia)
ZL,HZL,Hazelton Airlines,Hazelton Air Services Pty Limited
8C,HZT,Air Horizon,
IO,IAA,Indonesian Airlines,
IC,IAC,Indian Airlines,
I5,IAD,AIX Connect,Air India Connect
IO,IAE,IrAero,
IA,IAW,Iraqi Airways,
NT,IBB,Binter Canarias,Binter|Binter Canarias S.A.|BinterCanarias
IB,IBE,Iberia,Iberia Airlines|Iberia holdings|Iberia Lineas Aereas de Espana|Líneas Aéreas de España
D8,IBK,,NAI
I2,IBS,Iberia Express,
FW,IBX,Ibex Airlines,"IBEX Airlines Co., Ltd."
6I,IBZ,International Business Air,
HH,ICB,Islandsflug,
X8,ICD,Icaro Air,
FI,ICE,Icelandair,Iceland Air|Iceland airlines|Iceland Airways
5C,ICL,Challenge Airlines IL,C.A.L. Cargo Airlines|CAL Cargo|CAL Cargo Airlines|CAL Cargo Airlines Ltd.
RS,ICT,Intercontinental de Aviación,Aeropesca Colombia / Intercontinental de Aviación|Intercontinental de Aviacion
C8,ICV,Cargolux Italia,
I8,IDA,Indonesia Air Transport,
DH,IDE,Independence Air,
XT,IDX,Indonesia AirAsia X,
IP,IEA,Inter European Airways,
F3,IFA,FAI rent-a-jet,FAI rent-a-jet AG
IF,IFL,Interflug,
IF,IFS,Italy First,
TE,IGA,Skytaxi,IGavion
6E,IGO,IndiGo,
GH,IGT,,
FE,IHO,748 Air Services,
I7,IIA,Int'Air Îles,
H4,IIN,Inter Islands Airlines,
IJ,IJA,Imperial Japanese Airways,Japan Airways
G1,IKA,Gorkha Airlines,Gorkha Airlines Pvt. Ltd.
S9,IKM,Starbow,
DK,ILA,Eastland Air,
D6,ILN,Interair South Africa,
HT,IMP,Hellenic Imperial Airways,
XM,IMX,Zimex Aviation,
7I,INC,Insel Air,Insel|Insel Airlines|Insel Airways
ND,INT,Intair,
IA,INV,Inversija,
6K,INX,Inter Airlines,
5Y,IOS,Isles of Scilly Skybus,
I4,IOU,International AirLink,
IR,IRA,,Iran Airlines|Iran Airways|Iran national airlines|Iranair|Iran Air Tour
B9,IRB,,Iran Airtour Airlines
EP,IRC,,Aseman|Aseman Airlines|Iran Aseman|Iran Aseman Air
NV,IRG,,Iranian Naft Airlines
W5,IRM,Mahan Air,Mahan Airlines
2F,IRP,Payam Air,
YE,IRY,Eram Air,
IS,ISA,Island Airlines,
6P,ISG,Club Air,
3L,ISK,InterSky,
X9,ISL,City Star Airlines,Landsflug
I4,ISN,Interisland Airlines,
6H,ISR,Israir Airlines,Israir|Israir Air|Israir Airways
IG,ISS,Meridiana,Alisarda S.p.A|Alisarda SpA|Meridiana fly|Meridiana fly S.p.A|Meridiana fly SpA|Meridiana S.p.A.
WC,ISV,Avianca Honduras,
IF,ISW,Islas Airways,
Q9,ITB,Interbrasil STAR,
Y5,ITD,Inter Trans Avia,
IT,ITF,Air Inter,Air France Europe|Air Inter Europe|Lignes Aériennes Intérieures
ID,ITK,Interlink Airlines,
IK,ITX,Imair Airlines,
AZ,ITY,ITA Airways,ITA|ITA - Italia Trasporto Aereo|ITA - Italia Trasporto Aereo S.P.A.|ITA - Italia Trasporto Aereo SPA|Italia Trasporto Aereo|Italia Trasporto Aereo S.p.A.
TY,IWD,Orbest Orizonia Airlines,Orbest Orizonia
JY,IWY,InterCaribbean Airways,
IY,IYE,Yemenia,Yemen Airways
I8,IZA,Izhavia,Izhavia (airline)
ZO,IZG,,
4I,IZM,IZair,İzmir Airlines
JF,JAA,Jet Asia Airways,
W9,JAB,Air Bagan,
JC,JAC,Japan Air Commuter,
JI,JAE,Jade Cargo International,
TB,JAF,TUI fly Belgium,Jetairfly|TUI Airlines Belgium
9W,JAI,Jet Airways,Jet|Jet Air|Jet Airlines
JL,JAL,Japan Airlines,
FB,JAP,GuardAir,
PP,JAS,Jet Aviation,
JA,JAT,JetSmart,
R5,JAV,Jordan Aviation,Jordan Air|Jordan Airlines|Jordan Airways
JO,JAW,Jasmin Airways,
JO,JAZ,JALways,
JB,JBA,Helijet,Helijet International Inc
3B,JBR,Central Connect Airlines,
B6,JBU,JetBlue Airways,Jet Blue|jetBlue|JetBlue|JetBlue Air|JetBlue Airlines
QD,JCC,JC International Airlines,
J4,JCI,Jordan International Air Cargo,
OJ,JCS,Air Prishtina,
JG,JDL,Jiangsu JD Cargo Airlines,Jiangsu Jingdong Cargo Airlines|JD Airlines
JX,JEC,Jett8 Airlines,
G3,JEM,Emerald Airways,
WJ,JES,JetSmart Argentina,Alas del Sur Líneas Aéreas
JC,JEX,JAL Express,
JD,JFL,Japan Airlines Domestic,JLJ
8J,JFU,Jet4you,
JA,JGN,Jagson Group,
US,JIA,PSA Airlines,
7C,JJA,Jeju Air,JejuAir
GK,JJP,Jetstar Japan,"Jetstar Japan Co., Ltd."
JK,JKK,Spanair,Spanair S.A.
JM,JKT,Jetstar Hong Kong,
XM,JLJ,J-Air,
S2,JLL,JetLite,Air Sahara|Jet Lite India
J0,JLX,JetLink Express,
MT,JMC,JMC Air,
GX,JMG,JetMagic,Jetmagic
LW,JMR,,
B9,JMX,Air Jamaica Express,Trans Jamaican Airlines
LJ,JNA,Jin Air,Jin Air Co. Ltd
EC,JND,East African Airways,EAA|EAAC
DN,JOC,Dan Air,
IP,JOL,Atyrau Airways,
L3,JOS,DHL de Guatemala,DHL
JR,JOY,Joy Air,
4J,JRC,Jetair Caribbean,JetAir|United Caribbean Airlines
3K,JSA,Jetstar Asia Airways,
JQ,JST,Jetstar Airways,JETSTAR
NU,JTA,Japan Transocean Air,
JO,JTD,Jet Time,
NC,JTE,National Jet Express,Cobham Aviation Services Australia
JZ,JTY,Jatayu Airlines,
6J,JUB,Jubba Airways,
UJ,JUS,USA Jet Airlines,
AQ,JYH,9 Air,9 Air Company Limited|9Air|9air.com
QK,JZA,Jazz Aviation,Jazz|Jazz Air
J9,JZR,Jazeera Airways,Jazeera|Jazeera Air|Jazeera Airlines
KU,KAC,Kuwait Airways,Kuwait AW|Kuwait National Airways
3Y,KAE,Kartika Airlines,
KT,KAF,Kyrgyz Air,
5R,KAJ,Karthago Airlines,
KE,KAL,,"Korean Air Lines|Korean Air Lines Co., Ltd.|Korean Airlines"
G7,KAO,KAPO Avia,
9K,KAP,Cape Air,
IK,KAR,Ikar,
6S,KAT,Kato Airline,Kato Air
4K,KBA,Kenn Borek Air,
K7,KBR,KoralBlue Airlines,
K7,KBZ,Mingalar Aviation Services,Air KBZ|Mingalar
KI,KCA,Aviatrans Kiev,
KD,KDA,Kendell Airlines,
6D,KDR,Royal Daisy Airlines,
XE,KEA,Korea Express Air,
5Z,KEM,CemAir,CemAir (Pty) Ltd|CemAir Ltd
M5,KEN,Kenmore Air,
FK,KEW,Keewatin Air,
KW,KFA,Kelowna Flightcraft Air Charter,KF Cargo
PW,KFK,German Wings,
IT,KFR,Kingfisher Airlines,
K9,KFS,Kalitta Charters,
R8,KGA,Kyrgyzstan Airlines,"JSC National Air Carrier ""Kyrgyzstan Airlines""|ОАО «Национальный авиаперевозчик «Кыргызстан Аба Жолдору»"
7K,KGL,,Kogalymavia|Kolavia
MV,KGM,Manas Air,
MN,KGN,Asman Airlines,
ZC,KGO,,
KR,KHA,Kitty Hawk Aircargo,Kitty Hawk flight Adesyn D. Barnett
XH,KHH,Alexandria Airlines,
K6,KHV,Air Cambodia,Cambodia Angkor Air
KP,KIA,Kiwi International Air Lines,
KC,KIC,Kiwi Travel International Airlines,
GW,KIL,Kuban Airlines,OAO Kuban Airlines
Y9,KIS,,Kish Airlines|Kish Airways
7B,KJC,KrasAir,
WV,KKB,Air South,
KK,KKK,Atlasglobal,Atlas Global|AtlasGlobal|Atlasglobal Airlines|Atlasjet
TT,KLA,Air Lithuania,
WA,KLC,KLM Cityhopper,NLM
KL,KLM,KLM,K.L.M. Royal Dutch Airlines|KLM Airlines|KLM Royal Dutch Airlines|Koninklijke Luchtvaart Maatschappij|Koninklijke Luchtvaart Maatschappij (KLM)|Koninklijke Luchtvaart Maatschappij N.V.
KD,KLS,Kalstar Aviation,
KO,KMA,Komiaviatrans,
KR,KME,Cambodia Airways,
RQ,KMF,Kam Air,KamAir
8K,KMI,K-Mile Air,
KM,KMM,KM Malta Airlines,
E2,KMP,Kampuchea Airlines,
W7,KMR,Western Pacific Airlines,
8J,KMV,Komiinteravia,
KY,KNA,Kunming Airlines,
K8,KND,Kan Air,
XY,KNE,,Kayala Airline|Nas Air|Flynas Company|flynas
KD,KNI,KD Avia,
4I,KNX,Knighthawk Air Express,
KS,KON,Air Connect,Air Connect Aviation Group|Aeroitalia Regional|AirConnect
JS,KOR,Air Koryo,Chosŏn Minhang
8K,KOZ,,
YL,KPS,Crystal Thai Airlines,
6C,KRE,Aerosucre,Aerosucre S.A.
K9,KRI,Krylo Airlines,
U5,KRN,Karinou Airlines,
V3,KRP,Carpatair,Carpatair S.A.
KI,KRS,KrasAvia,
KW,KSD,KAS Air Company,
S6,KSZ,Sunrise Airways,
KT,KTB,Transaviabaltika,
ZF,KTK,Azur Air,Katekavia
SG,KWE,Iskwew Air,
GG,KYE,Sky Lease Cargo,SkyLease Cargo
N5,KYL,Kyrgyz International Airlines,
YK,KYV,Cyprus Turkish Airlines,Cyprus Turkish Airlines Limited
IK,KYY,Kaya Airlines,
9Y,KZK,Air Kazakhstan,
KC,KZR,Air Astana,
ZS,KZS,Kazaviaspas,
GO,KZU,ULS Airlines Cargo,
K6,KZW,Khalifa Airways,
LN,LAA,Libyan Airlines,Libyan Arab Airlines
JF,LAB,L.A.B. Flying Service,L A B Flying Service
L5,LAC,Línea Aérea Cuencana,
L7,LAE,LATAM Cargo Colombia,LANCO
QL,LAI,Lesotho Airways,
KJ,LAJ,British Mediterranean Airways,
WJ,LAL,Air Labrador,Newfoundland Airways
TM,LAM,LAM Mozambique Airlines,LAM Air|LAM Airlines|LAM Airways|LAM Mozambique|Linhas Aéreas de Moçambique
LA,LAN,,LAN Airlines|LAN Chile
QV,LAO,Lao Airlines,Lao Airways
PZ,LAP,LATAM Airlines Paraguay,LATAM Airways Paraguay|LATAM Paraguay|TAM Paraguay|Transportes Aereos del Mercosur S.A|Líneas Aéreas Paraguayas
LQ,LAQ,Lebanese Air Transport,LAT
4L,LAU,Líneas Aéreas Suramericanas,Lineas Aereas Suramericanas|Líneas Aéreas Suramericanas - LAS Cargo
AP,LAV,AlbaStar,Alba Star S.A.
LZ,LAZ,Balkan Bulgarian Airlines,
LV,LBC,Albanian Airlines,Albanian Airlines MAK Sh.p.k
7Z,LBH,,Laker Bahamas / Laker Inc
LB,LBR,Air Costa,
BJ,LBT,Nouvelair,Nouvelair Airline|Nouvelair Limited Company
4H,LBW,,
LZ,LBY,Belle Air,
W4,LCB,,LC Busre|LC Peru
ZE,LCD,Líneas Aéreas Azteca,Lineas Aereas Azteca
LF,LCI,Hinduja Cargo Services,
L9,LCN,Lineas Aereas Canarias,
UC,LCO,LATAM Cargo Chile,LAN Cargo|LAN Cargo S.A.|LAN Cargo SA|Línea Aérea Del Cobre
YQ,LCT,TAR México,TAR Aerolíneas
LW,LDA,Lauda Europe Ltd,BEAUFORT|Lauda Air Europe Limited|Lauda Europe
5U,LDE,Líneas Aéreas del Estado (LADE),LADE Argentina
L4,LDI,Lauda Air Italy,
OE,LDM,Laudamotion,Amira Air|LAUDA MOTION
LE,LEF,Efly,
LN,LEO,Lionair,
QL,LER,LASER Airlines,Línea Aérea de Servicio Ejecutivo Regional
H7,LFA,Air Alfa,
N7,LGA,LagunAir,
LC,LGD,Legend Airlines,
LG,LGL,Luxair,Luxair - Société Luxembourgeoise de Navigation|Luxair S.A.|Luxair SA
HE,LGW,Luftfahrtgesellschaft Walter,
GI,LHA,Air Central,China Central Longhao Airlines|Longhao Airlines
EO,LHN,Express One International,
VL,LHX,Lufthansa City Airlines,City Airlines
LI,LIA,LIAT,Leeward Islands Air Transport|Leeward Islands Air Transport - LIAT|LIAT (1974) LTD|LIAT airlines
IJ,LIB,Air Liberté,Air Lib|Air Liberte
LC,LIC,LAC Colombia,Líneas Aéreas del Caribe
D4,LID,Alidaunia,
FL,LIL,Fly Lili,
LF,LIN,Linjeflyg,Linjeflyg AB
LF,LKA,Lao Central Airlines,
8L,LKE,Lucky Air,
GK,LKR,Laker Airways,
6M,LKX,Link Air Express,
LB,LLB,Lloyd Aereo Boliviano,LAB
S5,LLC,"Small Planet Airlines, UAB",Small Planet Airlines|Small Planet Airlines UAB
P2,LLI,Small Planet Airlines s.r.l.,Small Planet Airlines Italia|Small Planet Airlines Italy
LK,LLL,,Lao Skyway
YC,LLM,Yamal Airlines,
P7,LLP,,
9I,LLR,,
LY,LLY,Melilla Airlines,
QD,LMT,,
UJ,LMU,AlMasria Universal Airlines,AlMasria Airlines
DZ,LMZ,Starline.kz,
4M,LNC,LAN Dominicana,
XL,LNE,LATAM Airlines Ecuador,LAN Ecuador|LATAM Air Ecuador
JT,LNI,Lion Air,PT Lion Mentari Airlines
4Z,LNK,Airlink,Airlink (Pty) Ltd.|Airlink Ltd.|FlyAirlink|Airlink Cargo
W2,LNQ,Links Air,
N2,LNT,Aerolíneas Internacionales,Aerolineas Internacionales
ZQ,LOC,Locair,
AX,LOF,Trans States Airlines,
LM,LOG,Loganair,
LO,LOT,LOT Polish Airlines,
FL,LPA,Air Leap,Air Large European Aviation Project AB
LP,LPE,LATAM Airlines Peru,LAN Peru|LATAM Perú|LATAM Peru Airlines|LATAM Peru Airways
L7,LPN,Laoag International Airlines,
MJ,LPR,,LAPA|Lineas Aereas Privadas Argentinas
LP,LPT,LaTur,
A6,LPV,Air Alps,AAA-Air Alps Aviation|Air A!ps|KLM Alps
LR,LRC,Avianca Costa Rica,Avianca Airlines|Avianca Airways|Costa Rica Airlines|Costa Rica Airways|LACSA
RZ,LRS,SANSA,
CP,LSI,MSC Air,Fly 7 Executive Aviation|Fly 7 Executive Aviation SA|AlisCargo Airlines
AL,LSR,Alsair,
AD,LSS,Lone Star Airlines,
J4,LSV,ALAK,
9X,LTD,Southern Airways Express,
XO,LTE,LTE International Airways,
M3,LTG,,TAM Cargo|ABSA Cargo Airline
PV,LTL,Latavio,Latvian Airlines|Latvijas Aviolīnijas
L3,LTO,LTU Austria,
L5,LTR,Lufttransport,
LT,LTU,LTU International,Lufttransport-Unternehmen|Air Lituanica
TD,LUR,Atlantis Armenian Airlines,Atlantis European Airways
IS,LVB,IRS Airlines,IRS Airlines Limited
LM,LVG,Livingston Energy Flight,Livingston
LL,LVL,Level,
6V,LVU,,
YL,LWA,Libyan Wings,
L8,LWD,Leisure Air,
BN,LWG,,
LW,LWI,Lumiwings,
LU,LXP,,LAN Express|LATAM Express|Transport Aereo S.A.
LK,LXR,Air Luxor,
5A,LXW,Lanexang Airways International,LaneXang|LaneXang Airways|LaneXang Airways International
L2,LYC,Lynden Air Cargo,
KG,LYM,Key Lime Air,
QH,LYN,Kyrgyzstan Air Company,Air Kyrgyzstan
2N,LYX,SmartLynx Airlines Malta,
FB,LZB,,
M7,MAA,MasAir Cargo Mexico,Mas Air|MasAir
3O,MAC,Air Arabia Maroc,
MA,MAH,Malév Hungarian Airlines,Malev|MALEV|Malev Hungarian Airlines
L6,MAI,Mauritania Airlines,Mauritania Airlines International
M1,MAN,Air Mantra,
MV,MAR,Air Mediterranean,
MH,MAS,MASkargo,Malaysia Airlines|Malaysia Airlines Berhad|Malaysian Airline System Berhad|Malaysia Airlines Cargo Sdn. Bhd.|Malaysia Airlines Kargo|MAB Kargo Sdn Bhd
MV,MAT,Maldivian Air Taxi,
MK,MAU,Air Mauritius,Air Mauritius Limited
MW,MAY,Malta Air,
ZM,MBB,Air Manas,
S6,MBI,Salmon Air,
Q3,MBN,Zambian Airways,Mines Air Services Limited|Roan Air|ZAMBIANA
DI,MBU,Marabu Airlines,Marabu
VM,MCJ,Avianca Argentina,
CC,MCK,MacAir Airlines,MacAir Airlines Pty Ltd
YO,MCM,Heli Air Monaco,
SX,MCS,Macedonian Airlines,
AE,MDA,Mandarin Airlines,Mandarin
RI,MDL,Mandala Airlines,Tigerair Mandala
N5,MDM,Medavia,
2M,MDV,Moldavian Airlines,
ME,MEA,Middle East Airlines - Air Liban,Middle East|Middle East Airlines – Air Liban S.A.L.|Middle East Airlines – Air Liban SAL|Middle East Airlines Air Liban SAL
7Y,MED,Med Airways,
LV,MEG,Mega Maldives,MEGA Maldives Airlines
YX,MEP,Midwest Airlines,Midwest Express Airlines
XJ,MES,Mesaba Airlines,Mesaba Aviation
VL,MEV,Med-View Airline,
C6,MFX,Centrum Air,My Freighter Airlines
P9,MGE,Asia Pacific Airlines,
4M,MGH,,Mavi Gök Havacılık A.S.
OM,MGL,MIAT Mongolian Airlines,MIAT|MIAT Mongolian
YM,MGX,Montenegro Airlines,Montenegro Airlines a.d.
MD,MGY,Air Madagascar,"Société Nationale Malgache de Transports Aériens, Société Anonyme"
6N,MHK,Al-Naser Airlines,
M2,MHV,MHS Aviation,
IM,MIC,Mint Airways,
IW,MIN,Minerve,
IU,MIS,Midstate Airlines,Midstate AL
MG,MIX,Midex Airlines,
6F,MKD,MAT Airways,
9M,MKE,Megantara Air,
P8,MKG,Air Mekong,
M8,MKN,Mekong Airlines,
LQ,MKR,Lanmei Airlines,
WP,MKU,Island Air (Hawaii),
9U,MLD,Air Moldova,
4X,MLH,Avion Express Malta,Avion Express Malta Limited
MY,MLI,,
MJ,MLR,Mihin Lanka,
8M,MMA,Myanmar Airways International,"Myanmar Airways|Myanmar Airways International Co Ltd|Myanmar Airways International Co., Ltd."
6I,MMD,Air Alsie,Alsie Express
MR,MML,Hunnu Air,Hunnu Airlines
MM,MMO,Malta MedAir,
YU,MMZ,EuroAtlantic Airways,EA Airways|EuroAtlantic|EuroAtlantic Airlines
MZ,MNA,Merpati Nusantara Airlines,Merpati Nusantara|PT Merpati Nusantara Airlines
MB,MNB,MNG Airlines,
ZQ,MNE,Air Montenegro,2Montenegro|To Montenegro a.d|ToMontenegro
M0,MNG,Aero Mongolia,
IM,MNJ,MenaJet,
JE,MNO,Mango,
SM,MNP,Spirit of Manila Airlines,Astro Air
BM,MNS,,
5M,MNT,FlyMontserrat,
7Q,MNU,Elite Airways,
JE,MNX,Manx Airlines,
M9,MOD,ModiLuft,
ZB,MON,Monarch Airlines,
MO,MOS,Misr Overseas Airways,
NN,MOV,VIM Airlines,VIM|VIM Air|VIM Airline
MO,MOW,Mohawk Airlines,
HO,MPA,Mid Pacific Air,
A7,MPD,Air Comet,
5T,MPE,Canadian North,
MP,MPH,Martinair,Martinair airlines|Martinair Cargo
AQ,MPJ,MAP Jet,
I6,MPK,Air Indus,
QO,MPX,Aeromexpress,
IJ,MRJ,,
BF,MRK,MarkAir,
CW,MRS,Air Marshall Islands,
MR,MRT,Air Mauritanie,MIKE ROMEO
6V,MRW,Mars RK,
M4,MSA,Poste Air Cargo,Mistral Air|Mistral Airline
SM,MSC,Air Cairo,
M9,MSI,Motor Sich Airlines,
5M,MSJ,SkyJet,
VB,MSK,Maersk Air UK,
M7,MSL,Marsland Aviation,
C4,MSO,Alma de México,ALMA de Mexico
MS,MSR,EgyptAir,Egypt Air|United Arab Airlines
KN,MSS,Morris Air,
7D,MSU,Maluti Sky,
MS,MSX,EgyptAir Cargo,
N4,MTC,Minerva Airlines,
C2,MTN,Mountain Air Cargo,
O8,MTO,Marathon Airlines,
YD,MTW,Mauritania Airways,
Z8,MTZ,Mali Airways,
A4,MUT,Azimuth,AZO|Azimuth Airlines
KV,MVD,Kavminvodyavia,
H5,MVL,MAVIAL Magadan Airlines,
MY,MWA,Midwest Airlines (Egypt),
MY,MWG,MASwings,
3W,MWI,Malawi Airlines,
WD,MWM,,
XN,MXA,Aerolínea del Estado Mexicano (Mexicana),
GJ,MXC,Mexicargo,
OD,MXD,Batik Air Malaysia,Malindo Airways Sdn Bhd
I6,MXI,MexicanaLink,
MY,MXJ,MAXjet Airways,MAXjet
8M,MXL,,
MX,MXY,Breeze Airways,Moxy Airways
2M,MYD,Maya Island Air,
5G,MYI,MAYAir,
VZ,MYL,MyTravelLite Airlines,MyTravelLite
Z9,MYM,MYAirline,
EY,MYN,Mayan World Airlines,
7Y,MYP,Mann Yatanarpon Airlines,Mann Yadanarpon Airlines
VZ,MYT,MyTravel Airways,MyTravel Airways UK
2Y,MYU,My Indo Airlines,
MJ,MYW,MyWay Airlines,
IH,MZA,Irtysh Air,
M2,MZS,Mahfooz Aviation,
DN,NAA,,
NC,NAC,Northern Air Cargo,
HK,NAD,Noble Air,
N5,NAE,Nations Air Express,Nations Air
NG,NAI,,
Q9,NAK,Arik Niger,
NA,NAL,,
DH,NAN,Norwegian Air Norway,
NA,NAO,North American Airlines,
UE,NAS,Nasair,
ZN,NAY,Naysa,Navegacion y Servicios Aereos Canarios|Navegacion y Servicios Aéreos Canarios
N0,NBT,Norse Atlantic Airways,FlyNorse|Norse Atlantic
KZ,NCA,Nippon Cargo Airlines,"Nippon Cargo|Nippon Cargo Airlines Company Limited|Nippon Cargo Airlines Company, Limited"
5N,NCE,Northcoast Executive Airlines,
5B,NCH,Chanchangi Airlines,Chanchangi
N4,NCN,,
N8,NCR,,Murray Air|National Air Cargo|National Air Cargo Group|National Airlines (N8)
XW,NCT,NokScoot,
LF,NDC,FlyNordic,
ND,NDR,Nordair,
EJ,NEA,New England Airlines,
3Z,NEC,Necon Air,
N7,NEP,MY Jet Xpress Airlines,Neptune Air
JH,NES,Nordeste Linhas Aéreas Regionais,Nordeste Linhas Aéreas|Nordeste Linhas Aereas Regionais
WU,NET,NetherLines,
M3,NFA,North Flying,Air Norway
NS,NFD,Nürnberger Flugdienst,NFD - Nürnberger Flugdienst|NFD Nürnberger Flugdienst
WT,NGA,Nigeria Airways,
NJ,NGB,Nordic Global Airlines,
8G,NGE,Angel Air,
EN,NGK,Novair International Airways,
NR,NGL,Max Air,
KK,NGN,Leav Aviation,JOOT Aviation Project GmbH|LEAV Aviation GmbH
RM,NGT,Air Dilijans,Armenia Aircompany
N7,NHG,Brava Linhas Aéreas,Brava Linhas Aereas|Brava Linhas Aéreas Ltda.
NP,NIA,Nile Air,
AJ,NIG,Aero Contractors,Aero|Aero Contractors Company of Nigeria Limited
IN,NIH,NAM Air,
6N,NIN,Niger Airlines,
6Y,NIS,Nicaraguense de Aviación,NICA
8N,NKF,Barents AirLink,
NK,NKS,Spirit Airlines,"ICAO: NKS|Spirit Air|Spirit Airlines, Inc.|Spirit"
DU,NLH,Norwegian Long Haul,
HN,NLM,NLM Nederlandse Luchtvaart Maatschappij,NLM CityHopper|Nederlandse Luchtvaart Maatschappij
JN,NLV,Livingston Compagnia Aerea,
HG,NLY,Niki,flyNiki|Niki Airline
NE,NMA,Nesma Airlines,
SW,NMB,Air Namibia,Air Namibia (Pty) Limited|Air Namibia Limited
N6,NMD,Bay Air Aviation,
9D,NMG,Genghis Khan Airlines,Tian Jiao Airlines|Tianjiao Airlines
LW,NMI,Pacific Wings,Pacific Wings Airline|New Mexico Airlines|GeorgiaSkies
DJ,NOD,Nordic European Airlines,
DD,NOK,Nok Air,နြားေက်ာင္းသာေလshwehmonea
NO,NOS,Neos,Neos Airline|Neos S.p.A.|Neos SpA
NO,NOU,Atlantis,
O9,NOV,Nova Airline,Nova Airways
DY,NOZ,Norwegian Air Shuttle,Norwegian|Norwegian Air Shuttle ASA
XN,NPL,Air Nepal International,
6N,NRD,Nordic Airways,Nordic Leisure|Nordic Regional
N5,NRL,Nolinor Aviation,
5C,NRR,Nature Air,
DI,NRS,Norwegian Air UK,NUK|Norwegian UK
9R,NSE,SATENA,
P4,NSO,Aerolíneas Sosa,Aerolineas Sosa|Aerososa
3B,NTB,Binter CV,Binter Cabo Verde|Transportes Interilhas de Cabo Verde
6L,NTH,Hokkaido Air System,HAC
C7,NTI,Aero Continente Chile,
2N,NTJ,Nextjet,Nextjet Airline
TD,NTL,Air Anatolia,
YJ,NTN,National Airways Corporation,NAC|NAC Operations|NATCHAIR
CE,NTW,,
X9,NVD,Avion Express,Nordic Solutions Air Services
VQ,NVQ,NovoAir,
SG,NVS,Nouvelle Air Affaires Gabon,
NW,NWA,Northwest Airlines,Northwest Airlines Corp.|Northwest Airways|Northwest Orient Airlines
HW,NWL,North-Wright Airways,North Wright Air
N4,NWS,Nordwind Airlines,Nordwind Airlines LLC
4J,NWZ,,
NY,NYA,New York Air,
7Y,NYL,Mid Airlines,
YT,NYT,Yeti Airlines,Yeti Airlines Domestic Pvt. Ltd.
OJ,NYX,Nyxair,
M4,NZA,Nayzak Air Transport,
NM,NZM,Mount Cook Airline,
OA,OAC,Orbit Express Airlines,Orbit Air Cargo
OY,OAE,Omni Air International,
OD,OAI,Tor Air,
OA,OAL,Olympic Air,Olympic Air S.A.|Olympic Air SA|Olympic Airlines|Olympic Airways|TAE Greek National Airlines
WY,OAS,Oman aviation services,
OC,OAV,Omni Aviation,Omni - Aviação e Tecnologia|Omni – Aviação e Tecnologia
2L,OAW,Helvetic Airways,Odette Airways
BM,OBE,Air Bee,Air Bee S.p.A.
6O,OBS,Orbest,
R7,OCA,Aserca Airlines,Ser|Aero Servicios Carabobo|Aero Servicios Carabobo Airlines|Aserca Airlines C.A.
UQ,OCM,O'Connor Airlines,
4Y,OCN,Discover Airlines,
5K,ODS,Odessa Airlines,
IL,ODY,Odyssey International,
OX,OEA,Orient Thai Airlines,"Orient Thai Airlines Co., Ltd."
4R,OEG,Orient Eagle Airways,
OG,OGN,Originair,
O8,OHK,Oasis Hong Kong Airlines,
8Q,OHY,Onur Air,Onurair|OnurAir
OI,OIR,Slov-Air,
BK,OKA,Okay Airways,
9H,OKJ,Okada Air,
S0,OKS,Slok Air International,
OF,OLA,Overland Airways,
4S,OLC,Solar Cargo,
8R,OLS,,Sol Lineas Aereas
ML,OLY,Olympic Aviation,
WY,OMA,Oman Air,Oman Airline
OV,OMS,SalamAir,
H5,OMT,CM Airlines,
OE,ONA,Yeongnam Air,
O6,ONE,,Avianca Brazil|OceanAir|Oceanair Linhas Aéreas S/A
N6,ONR,Air One Nine Company,
GX,ONT,Air Ontario,Air Ontario Inc.|ONTARIO
OG,ONX,Air Onix,
Z4,OOM,Zoom Airlines,Zoom Airlines Inc.
R2,ORB,Orenair,
OC,ORC,Oriental Air Bridge,Nagasaki Airways
O7,ORG,Orenburzhye,
OR,ORK,Orca Airways,
SO,OSL,Sosoliso Airlines,Sosoliso Airlines Limited
2D,OST,Alania Airlines,
A6,OTC,Air Travel,Air Travel (airline)
OT,OTF,Orange2Fly,
OG,OTG,One-Two-GO Airlines,
X5,OTJ,Ten Airways,Fly Romania
YG,OTL,South Airlines,
MU,OTT,OTT Airlines,One Two Three Airlines
OU,OUL,City Express,
UX,OVA,Air Europa Express,"Aeronova|Aeronova, S.L.U."
YI,OYA,,
KC,OYC,Conair of Scandinavia,Conair
OZ,OZA,Ozark Air Lines,
O7,OZJ,OzJet,OzJet Airlines
ZO,OZR,Great Plains Airlines,
PA,PAA,Pan Am,Pan American Airways|Pan Am (1998–2004)|Pan Am III|PanAm|Pan-Am|Pan American World
PB,PAB,Panair do Brasil,BANDEIRANTE|NYRBA do Brasil
PO,PAC,Polar Air Cargo,"Polar Air Cargo, Inc."
PR,PAL,Philippine Airlines,Philippine Air Lines
7M,PAM,MAP Linhas Aéreas,MAP Linhas Aereas
PA,PAN,PANH,
OL,PAO,Samoa Airways,Polynesian Airlines
PE,PAQ,Pacific Air Express,
PD,PAR,Partnair,
6D,PAS,Pelita Air Service,Pelita Air
QJ,PAT,Paramount Airways Limited,
P7,PAU,Palau Airways,
A8,PAY,ARPA – Aerolíneas Paraguayas,
DP,PBD,Pobeda,Aviakompaniya Pobeda OOO|Pobeda Airlines|Pobeda Airlines Limited Liability Company
DJ,PBN,Pacific Blue Airlines,
8Y,PBU,Air Burundi,
PC,PCA,Pacific Air Lines,
8P,PCO,Pacific Coastal Airlines,Pacific Coastal
5P,PCP,,
BK,PDC,MidAtlantic Airways,
7V,PDF,Pelican Air Services,
BK,PDI,Paradise Island Airlines,
Q8,PEC,Pacific East Asia Cargo Airlines,
PG,PEG,Pelangi Air,Pelangi Airways
PD,PEM,Pem-Air,
KS,PEN,PenAir,
5P,PEP,Pena Transportes Aéreos,PENTA – Pena Transportes Aéreos
PE,PEV,People's,People's Viennaline
PE,PEX,People Express Airlines,PEOPLExpress
PI,PFL,PacificFlier,
6F,PFO,Aerotrans Airlines,
PA,PFY,Pel-Air,Pel-Air Aviation|Pel-Air Aviation Pty Ltd
P0,PFZ,Proflight Zambia,Proflight Commuter Services
NI,PGA,Portugália,Portugalia Airlines|Portugália Airlines|Portugalia
TQ,PGN,Tailwind Air Service,
PC,PGT,Pegasus Airlines,
PH,PHA,Phoenix Air,ASL Airlines Australia
PE,PHB,Phoebus Apollo Aviation,
P3,PHG,Phoenix Aviation,
P3,PHW,AVE.com,
PK,PIA,Pakistan International Airlines,Pakistan International|PIA Pakistan International
BL,PIC,Pacific Airlines,Jetstar Pacific Airlines
P2,PIT,,
5J,PJE,Private Jet Expeditions,
PJ,PJP,Princely Jets,
PL,PLI,Aeroperu,
P2,PLJ,Platinum Air Linhas Aéreas,Platinum Air Linhas Aereas
FV,PLK,Pulkovo Aviation Enterprise,
EB,PLM,Wamos Air,Air pullmantur|Wamos|Wamos Air Spain|Wamos Airline|Wamos Airlines
J3,PLR,Northwestern Air,Northwestern Air Lease Ltd
P3,PLS,Aeroflot-Plus,Aeroflot Plus
DP,PLV,Perla Airlines,
Z4,PLY,Puma Air,
UX,PMI,Air Europa Express,Air Europa Express (1996)
3D,PMK,Palair,PALAIR|Palair Macedonian Airlines
U4,PMT,PMTair,
I7,PMW,,
PV,PNR,ASL Airlines Spain,PAN Air|Pan Air Líneas Aéreas|PAN Air Líneas Aéreas S.A.
PF,PNW,Palestinian Airlines,
IS,PNX,AIS Airlines,
PD,POE,Porter Airlines,
YQ,POT,Polet Airlines,
OP,PPL,Air Pegasus,
RL,PPW,Royal Phnom Penh Airways,
YS,PRB,Proteus Airlines,
PW,PRF,Precision Air,Precision Air Services|Precision Air Services Plc
PF,PRI,Primera Air,Primera Air Scandinavia
8Q,PRN,Princess Air,
RY,PRQ,Pacific Royale Airways,
PR,PRS,,
EP,PRU,Líneas Aereas Peruanas,Aérolíneas Peruanas
VM,PRV,Aerochaco,
6F,PRW,Primera Air Nordic,PrimeraAir Nordic
AD,PRZ,Air Paradise International,
P6,PSC,Pascan Aviation,
TO,PSD,President Airlines,
7P,PST,,
5S,PSV,Servicios Aéreos Profesionales,SA Profesionales|SAP Group|Servicios Aereos Profesionales
2Z,PTB,Voepass Linhas Aéreas,Passaredo Linhas Aereas|Passaredo Transportes Aereos S.A.
PV,PTG,PrivatAir Gmbh,
GP,PTN,Pantanal Linhas Aéreas,Pantanal Linhas Aereas|Pantanal Linhas Aereas Sul-Matogrossenses|Pantanal Linhas Aéreas Sul-Matogrossenses
9P,PTR,Petra Airlines,Air Arabia Jordan
PU,PUA,,PLUNA Líneas Aéreas Uruguayas S.A.|Primeras Líneas Uruguayas de Navegación Aérea
PU,PUE,Plus Ultra Líneas Aéreas,
ZR,PUN,Punto Azul,
P6,PVG,Privilege Style,
6Z,PVI,Panavia,
PB,PVL,,Provincial Airlines
P9,PVN,,Peruvian Air
3O,PVU,Peau Vavaʻu,
PC,PVV,Continental Airways,
PW,PWA,Pacific Western Airlines,
7N,PWD,,Pan Am World Airways Dominicana
8W,PWF,Private Wings,
QQ,QAS,Aerovías Quisqueyana,Quisqueyana
IQ,QAZ,Qazaq Air,Vietjet Qazaqstan
QB,QBA,Quebecair,
VZ,QCL,,Air Class Lineas Aereas
QW,QDA,Qingdao Airlines,
QF,QFA,Qantas Airways,Qantas Freight|Qantas Airways Limited|QANTAS AIRWAYS LIMITED|Qantas Airways Ltd|Queensland and Northern Territory Aerial Services
QE,QFZ,,
QF,QJE,National Jet Systems,
OV,QKL,Aéromaritime,Aeromaritime|Aéromaritime International|Compagnie Aéromaritime d'Affrètement
OQ,QNA,Queen Air,
N9,QNK,Kabo Air,
HH,QNT,Qanot Sharq,
QF,QNZ,Jetconnect,
QR,QQE,Qatar Executive,
QS,QSA,Northeastern International Airways,
A2,QSC,African Safari Airways,Africa Safari Air
QB,QSM,,
QO,QTM,Aerolíneas de Baleares,AeBal|Quantum Air
QR,QTR,Qatar Airways,Qatar Airways Company|Qatar AW|QATARI|Al Maha Airways
QX,QXE,Horizon Air,Horizon Air Industries
RA,RAB,Rayyan Air,
VJ,RAC,Royal Air Cambodge,Air Cambodge
YS,RAE,Régional,Regional Compagnie Aerienne Europeenne|Régional Compagnie Aérienne Européenne
AT,RAM,Royal Air Maroc,
GZ,RAR,Air Rarotonga,
QT,RAW,Regional Air,
OQ,RAY,Royale Airlines,
BI,RBA,Royal Brunei Airlines,Royal Brunei|Borneo Airways
E5,RBG,Air Arabia Egypt,
O8,RBR,Siam Air,
V2,RBY,Vision Airlines,Vision Air
SU,RCF,Aeroflot-Cargo,
F6,RCK,FaroeJet,
F2,RCQ,Regional Cargo,"RegionalCargo|Regionalcargo Holdings, S.A. de C.V."
RK,RCT,R Airlines,
4H,RDC,Air Congo,Air Congo S.A.
D7,RDN,Dinar Líneas Aéreas,Dinar Lineas Aereas
ED,RDO,Air Dominicana,
R1,RDV,Fil-Asian Airways,
8N,REG,Regional Air Services,
6G,RER,Aeroregional,Aeroregional Ecuador
UU,REU,Air Austral,Reunion Air Service|Réunion Air Service
ZV,RFD,Aerus,
VG,RFG,RFG – Regionalflug,
RL,RFJ,Royal Falcon,Royal Falcon Airlines
RR,RFR,Royal Air Force,RAF
RX,RGE,Regent Airways,REGENT
FN,RGL,Regional Air Lines,
3R,RGR,Avior Regional,
RH,RHA,Robin Hood Aviation,
JN,RIA,Rich International Airways,
RI,RII,Air Costa Rica,
RL,RIO,Rio Linhas Aéreas,Rio Linhas Aereas
PK,RIU,Riau Airlines,Riau Air
RJ,RJA,Royal Jordanian,Royal Jordanian Airlines
RG,RJD,Rotana Jet,
PI,RKA,Polar Airlines,
RK,RKH,Royal Khmer Airlines,RKA
RT,RKM,RAK Airways,
RN,RKT,Rayani Air,
AN,RLA,Airlinair,
R6,RLB,RUS Aviation,RUS Aviation FZE
RW,RLD,RAS Flug,Rheinland Air Service
C7,RLE,Rico Linhas Aéreas,Rico Linhas Aereas
DR,RLH,Ruili Airlines,
NZ,RLK,Air Nelson,
QL,RLN,Lankan Cargo,
7R,RLU,RusLine,
6G,RLX,Go2Sky,
JC,RMA,Rocky Mountain Airways,
R3,RME,,
SH,RMK,Simrik Airlines,
MV,RML,Armenian International Airways,
WQ,RMV,Romavia,
TH,RMY,Raya Airways,Transmile Air Services
RA,RNA,Nepal Airlines,Royal Nepal Airlines
U8,RNV,Armavia,
1T,RNX,1time Airline,NEXT TIME|1time|1Time|one time!
QQ,ROA,Reno Air,
9V,ROI,Avior Airlines,
N7,ROK,,
BQ,ROM,,"Aeromar Lineas Aereas Dominicanas|Aeromar Líneas Aéreas Dominicanas, S.A."
ON,RON,Nauru Airlines,Air Nauru|Our Airline
RO,ROT,,TAROM|TAROM Air
RV,ROU,Air Canada Rouge,
QN,ROY,Royal Aviation,
YX,RPA,Republic Airways,RW|BRICKYARD|Republic Airline
P5,RPB,Copa Airlines Colombia,Aero Republica|Aero República|Aero Republica S.A.|Aero República S.A.|Aero Republica SA|Aero República SA
RH,RPH,Republic Express Airlines,
R0,RPK,,
WZ,RRM,Acvila Air,
4A,RRN,Ararat International Airlines,
4A,RRY,Royal Bengal Airline,
YI,RSI,Air Sunshine,
SL,RSL,Rio Sul Serviços Aéreos Regionais,
ZC,RSN,Royal Eswatini National Airways,
E4,RSO,Aero Asia International,Aero Asia
BF,RSR,,Aero-Service|Aero Service
5L,RSU,AeroSur,"Compañía Boliviana de Transporte Aéreo Privado Aerosur, S.A."
H5,RSY,I-Fly,
ST,RTL,Air Thanlwin,Yangon Airways
7T,RTM,DHL Ecuador,TransAm|Aero Express del Ecuador - Trans A
5R,RUC,RUTACA Airlines,Rutas Aéreas Compañía Anónima
RK,RUK,Ryanair UK,
9T,RUN,Air ACT,ACT Airlines|ACT Airlines INC|ACT Havayollari A.S.|MyCargo Airlines
C9,RUS,Cirrus Airlines,Cirrus Airlines Luftfahrtgesellschaft mbH|Cirrus Technik
7H,RVF,Ravn Alaska,Era Alaska
DO,RVL,Air Vallée,
WV,RVP,,Sevenair
RV,RVV,Reeve Aleutian Airways,
RW,RWA,Aligiulia,
WB,RWD,RwandAir,RwandAir Limited|RwandAir Express|RwandAir S.A.R.L
WZ,RWZ,Red Wings Airlines,
ZL,RXA,Rex Airlines,Regional Express|Regional Express Airlines|REGIONAL EXPRESS HOLDINGS LIMITED|REX Regional Express
RX,RXI,Riyadh Air,Riyadh International Airlines
FN,RXP,Royal Air Maroc Express,
W2,RYJ,Ryjet,
V5,RYL,Royal Aruban Airlines,
RD,RYN,Ryan International Airlines,Russia Jet Direct
FR,RYR,Ryanair,
RR,RYS,,Ryanair Sun
RY,RYW,Royal Wings,Royal Wings Airline
Z9,RZL,Aero Zambia,
S4,RZO,Azores Airlines,Azores Air|SATA Internacional|SATA International
SA,SAA,South African Airways,
W7,SAH,Sayakhat Airlines,Sayakhat Air Company|Sayakhat
NL,SAI,Shaheen Air,
MM,SAM,SAM Colombia,Sociedad Aeronáutica de Medellín
WB,SAN,SAN Ecuador,
SK,SAS,Scandinavian Airlines,"SAS Scandinavian Airlines|Scandinavian Airlines System|Scandinavian Airlines System Denmark-Norway-Sweden|Scandinavian Airlines, SAS|SAS Snowflake|Snowflake"
SP,SAT,SATA Air Açores,SATA|SATA Air|SATA Air Acores|SATA Airlines
S1,SAU,Saurya Airlines,
ZU,SAV,Sunair,
6Q,SAW,Cham Wings Airlines,
SA,SAX,Sabah Air,Sabah Air Aviation
U3,SAY,Sky Gates Airlines,
S7,SBI,,"OJSC Siberia Airlines|PJSC Siberia Airlines|Siberia Airlines|ОАО ""Авиакомпания ""Сибирь"""
R6,SBK,Air Srpska,
Q7,SBM,SkyBahamas,Sky Bahamas|SkyBahamas Airlines|TROPICAL SKY
BB,SBS,Seaborne Airlines,
PV,SBU,St Barth Commuter,Saint Barth Commuter|St. Barth Commuter
ZM,SBZ,,
2E,SCB,Sky Cabs,
YR,SCE,Air Grand Canyon,Grand Canyon Scenic Airlines|Scenic Airlines
AW,SCH,CHC Airways,Schreiner Airways
TF,SCW,Braathens Regional Aviation,Malmö Aviation|Braathens Regional Aviation AB
SY,SCX,Sun Country Airlines,
DA,SDA,Sol Dominicana Airlines,
OY,SDE,Soder Airlines,Soder Aviation
FV,SDM,Rossiya,Rossiya Airlines|Rossiya Airlines Joint-Stock Company
EX,SDO,,
SR,SDR,Sundair,
GQ,SEH,,
SG,SEJ,SpiceJet,
ER,SEP,Serene Air,SereneAir
JR,SER,Aero California,
EH,SET,SAETA,
U5,SEU,SkyUp MT,
OW,SEW,Skyward Airlines,Skyward Express
HM,SEY,Air Seychelles,
CT,SFB,Air Sofia,
SF,SFI,Silverfly,
7G,SFJ,StarFlyer,Star Flyer Inc.
FA,SFR,Safair,FlySafair
4Q,SFW,Safi Airways,Safi Airways Co|Safi Airways Co.
XO,SGD,PUTANG INA KA Airways,Maris Arlanda Airways
5E,SGN,Nok Mini,SGA
6S,SGQ,Saudigulf,
PI,SGU,Sol del Paraguay,
H3,SGX,Saga Airlines,
N9,SHA,Shree Airlines,
6S,SHD,Sahara Airlines,
DO,SHH,,
IS,SHI,,
7Q,SHK,Shorouk Air,
F4,SHQ,Shanghai Airlines Cargo,
SL,SHR,Air Sylhet,Sylhet|Sylhet Airlines
5G,SHS,Shirak Avia,
HZ,SHU,Aurora,SAT Airlines
ZY,SHY,Sky Airlines,
SQ,SIA,Singapore Airlines,Singapore Airlines Group|Singapore Airlines Limited|Singapore Airlines Ltd.
5M,SIB,Sibaviatrans,
BM,SIC,Air Sicilia,
0S,SID,,Sideral Air Cargo
PF,SIF,AirSial,
SI,SIH,Skynet Airlines,Skynet
3M,SIL,Silver Airways,
SJ,SJM,Southern Air Transport,
IJ,SJO,Spring Airlines Japan,
UQ,SJU,,
JX,SJX,Starlux Airlines,"Starwalker|StarLux Airlines|STARLUX Airlines|STARLUX Airlines Co., Ltd."
SJ,SJY,Sriwijaya Air,
SX,SKB,Skybus Airlines,
GV,SKG,Sky Gabon,
RU,SKI,SkyKing Limited,SkyKing
KP,SKK,Asky Airlines,
Q6,SKP,SmartLynx Australia,Skytrans Airlines
XT,SKT,SkyStar Airways,
H2,SKU,Sky Airline,Sky Air
RS,SKV,Sky Regional Airlines,
OO,SKW,,United Express
H8,SKX,Sky Airline Peru,Sky Airline Perú|SKY Perú
BC,SKY,Skymark Airlines,
KI,SKZ,Skyway Enterprises,
LJ,SLA,Sierra National Airlines,
SO,SLC,Salsa d'Haiti,"Salsa d'Haïti|Services Aeriens Latinosamericains S.A.|Services Aeriens Latinosamericains, S.A.|Services Aeriens Latinosamericains, S.A. d'Haïti"
5D,SLI,Aeroméxico Connect,Aerolitoral|Aeromexico Connect
MI,SLK,SilkAir,Silk Air|Silk Air Limited|Silk Air Private Limited|SilkAir Limited|SilkAir Private Limited
6Q,SLL,Slovak Airlines,
PY,SLM,Surinam Airways,Surinam Air|Surinam Airline|Surinam Airway
5O,SLX,SETE Linhas Aéreas,SETE Linhas Aereas
M4,SME,Smart Aviation Company,
SM,SMI,Altair,Altair Linee Aeree|Altair (airline)
Z3,SMJ,Avient Aviation,AV AVIA|AV Cargo|AV Cargo Airlines
E8,SMK,Semeyavia,
SZ,SMR,Somon Air,
XM,SMX,Alitalia Express,
ZS,SMY,Sama,Sama Airlines|Sama LelTayaran Company Limited
RD,SNA,,
NB,SNB,Sterling Airlines,Sterling Airlines A/S
2Q,SNC,Air Cargo Carriers,
LT,SNG,LJ Air,LongJiang Airlines
6J,SNJ,Solaseed Air,Pan Asia Airlines|Skynet Asia Airways|Solar Seed Air
SL,SNK,Southeast Airlines,
SO,SNR,Sun Air,Sun Air (Sudan)
PL,SOA,Southern Air Charter,Southern Air Charters
IE,SOL,Solomon Airlines,
HH,SOM,Somali Airlines,
9S,SOO,,Southern Air Inc.
ZS,SOP,,
GO,SOR,Air Stord,
SO,SOU,Southern Airways,Southern AW
6W,SOV,Saratov Airlines,
SI,SPA,Sierra Pacific Airlines,Sierra Pacific
PJ,SPM,Air Saint-Pierre,
9G,SPQ,,
SQ,SQC,Singapore Airlines Cargo,SIA Cargo|Singapore Air Cargo
K5,SQH,SeaPort Airlines,"SeaPort Airlines, Inc.|Wings of Alaska"
PQ,SQP,SkyUp,
SI,SQS,Susi Air,
4V,SQY,,
FT,SRH,Siem Reap Airways International,"Siem Reap Airways|Siem Reap Airways International Co., Ltd"
NS,SRJ,Caucasus Airlines,
SX,SRK,Sky Work Airlines,SkyWork Airlines
P8,SRN,SprintAir,Sprint Air
MZ,SRO,SAEREO,
DG,SRQ,Cebgo,South East Asian Airlines|cebgo|Tigerair Philippines
S6,SRR,Star Air (Denmark),
2I,SRU,Star Perú,Star Peru
S2,SRV,,Services Air
VC,SRY,ViaAir,
D2,SSF,Severstal Air Company,Severstal Aircompany
SG,SSR,Sempati Air,SPIROW
5G,SSV,Anda Air,Skyservice Airlines|Skyservice|Maestro
4S,STB,Star Airways,
MJ,STG,SMB Stage Lines,
RE,STK,Stobart Air,
8F,STP,STP Airways,Sao Tome & Principe Airways
5H,STQ,,
2S,STW,Southwind Airlines,
Z2,STY,Styrian Spirit,Styrian Airways GmbH & Co KG|Slovenian Spirit
S9,SUA,SUA,
SD,SUD,Sudan Airways,Sudan AW
EZ,SUS,Sun Air of Scandinavia,SUN-AIR of Scandinavia
KJ,SUT,Sultan Air,
ZA,SUW,Interavia Airlines,
SV,SVA,Saudia,Saudi Airlines|Saudia Airlines|Saudi Air|Saudia Cargo
GM,SVK,Air Slovakia,
U6,SVR,Ural Airlines,Ural|Ural Air|Ural Airline|Ural Airlines OJSC
VC,SVV,Servivensa,
WN,SWA,Southwest Airlines,Southwest|Southwest Airlines Co.
A4,SWD,,Southern Winds Airlines
WG,SWG,Sunwing Airlines,
JK,SWI,Sunworld International Airways,
YW,SWJ,StatesWest Airlines,StatesWest AL
ZA,SWM,Sky Angkor Airlines,Skywings Asia Airlines
PT,SWN,West Atlantic Sweden,West Air Sweden|West Atlantic|West Atlantic Group
SO,SWO,Swiss World Airways,
Q7,SWQ,iAero Airways,"Swift Air|Swift Air, LLC"
LX,SWR,Swiss International Air Lines,Swiss|Swiss Air|Swiss Air Lines|Swiss Airline|Swiss Airlines|Swiss International Air Lines AG
WT,SWT,Swiftair,Swiftair S.A.
BQ,SWU,Sky Alps,SkyAlps
WV,SWV,Swe Fly,
IS,SWW,Sunways Intersun,Sunways|Intersun|Sunway Intersun Havacilik Anonim Sirketi
Q4,SWX,Swazi Express Airways,
IS,SWY,Sunways,Sunways Airlines A.B.|Sunways Airlines AB
XG,SXD,SunExpress Deutschland,
XW,SXR,Sky Express,
XQ,SXS,SunExpress,Sun Express|Sun Express Air|SunExpress Air|SunExpress Airline
ZF,SXY,,
FS,SYA,Syphax Airlines,
R3,SYL,Yakutia Airlines,
MQ,SYM,Simmons Airlines,Simmons AL
RB,SYR,Syrian Air,Syrian Airline|Syrian Arab Air|SyrianAir|SyrianAirline
S9,SYW,SkyAirWorld,
AL,SYX,Skyway Airlines,
4Z,SZL,Swaziland Airlink,Airlink Swaziland
HC,SZN,Air Senegal,
TN,TAA,Trans Australia Airlines,
TT,TAB,TABA – Transportes Aéreos da Bacia Amazônica,
WG,TAC,Taiwan Airways,Taiwan Airlines
IO,TAD,Air Paris,Air Orly
KI,TAF,Time Air,Time Air of Canada
TA,TAI,Avianca El Salvador,TACA Air
U9,TAK,Tatarstan Airlines,
JJ,TAM,LATAM Brasil,LATAM Airlines Brasil|LATAM Brazil|TAM Airlines|TAM Lineas Aereas|TAM Líneas Aéreas|TAM Linhas Aereas
B4,TAN,ZanAir,ZanAir Limited
9N,TAO,Tropicair,
TP,TAP,TAP Air Portugal,Air Portugal|TAP Air|TAP Airlines|TAP Portugal|TAP Express
TU,TAR,Tunisair,
VD,TAT,TAT European Airlines,
XJ,TAX,Thai AirAsia X,
3V,TAY,ASL Airlines Belgium,TNT Airways
TV,TBA,Tibet Airlines,
M7,TBG,Tropical Airways,
BZ,TBL,Berline,
HH,TBN,,
2T,TBS,Timbis Air,Timbis Air Services
BW,TBX,Tobago Express,
I3,TBZ,,
S5,TCF,Shuttle America,
T2,TCG,Thai Air Cargo,
TC,TCO,ATC Colombia,Aero Transcolombiana de Carga
YI,TCT,TUR European Airways,TUR Avrupa Hava Yollari
T7,TCU,TransGlobal Airways,
VR,TCV,Cabo Verde Airlines,
HQ,TCW,Thomas Cook Airlines Belgium,
MT,TCX,Thomas Cook Airlines,Fly Thomas Cook|Thomas Cook Flights|Thomas Cook Fly
PH,TDK,Transavia Denmark,Transavia Denmark ApS
TQ,TDM,Tandem Aero,Tandem-Aero
C3,TDR,Trade Air,
HE,TEA,Trans European Airways,
ZJ,TED,Teddy Air,
CL,TEH,Tempelhof Airways,Tempelhof Airways USA|Tempelhof AW
GD,TEJ,TAESA Lineas Aéreas,"TAESA Lineas Aereas|Transportes Aéreos Ejecutivos, SA"
ZN,TEN,Tennessee Airways,
UE,TEP,Transeuropean Airlines,
PQ,TFK,Transafrik International,
OR,TFL,TUI fly Netherlands,Arkefly|TUI Airlines Nederland|TUI Fly Netherlands
YT,TGA,Air Togo,
TT,TGG,Tiger Airways Australia,Tigerair Australia
IL,TGN,Trigana Air Service,Trigana Air|Trigana Air Services
2S,TGR,Satgur Air Transport,
5U,TGU,Transportes Aéreos Guatemaltecos,TAG Airlines
TR,TGW,Tiger Airways,Tiger Airways Singapore|Tiger Airways Singapore Pte Ltd|Tigerair
A9,TGZ,Georgian Airways,Airzena|Georgian Air|Georgian Airlines
TG,THA,Thai Airways,"Thai Airways International Public Company Limited|Thai Airways International Public Co., Ltd.|THAI|Thai Airways International"
WE,THD,Thai Smile,Thai Smile Airways
9D,THE,,
AO,THJ,ThaiJet,ThaiJet Airways
TN,THT,Air Tahiti Nui,
TK,THY,Turkish Airlines,DHY|Türk Hava Yolları|Türkiye Devlet Hava Yolları
TI,TIA,Texas International Airlines,TTA|Trans-Texas Airways (TTA)
T4,TIB,TRIP Linhas Aéreas,TRIP Linhas Aereas
8T,TID,Air Tindi,
UZ,TIS,TESIS Aviation Enterprise,
T9,TIW,Transcarga,Transcarga International Airways Compañia Anonima
E8,TJB,Tayaranjet,
7J,TJK,Tajik Air,
T7,TJT,Twin Jet,
WU,TKC,Tikal Jets Airlines,
JW,TKE,Trek Airways,
9I,TKY,Thai Sky Airlines,
T8,TLA,TransAer International Airlines,
L5,TLB,Atlas Atlantique Airlines,Atlantique Air Assistance
Q4,TLK,Starlink Aviation,
KC,TLL,,
SL,TLM,Thai Lion Air,"Thai Lion Mentari Co., Ltd."
7I,TLR,Air Libya,
L9,TLW,Teamline Air,Teamline Air Luftfahrt GesmbH
PM,TLY,Top Fly,
T2,TMA,TMA Cargo,N2|TANGO LIMA|Trans Mediterranean Airways SAL
GM,TMG,Asia Cargo Airlines,Tri-MG Intra Asia Airlines
HJ,TMN,Tasman Cargo Airlines,
M8,TMW,Trans Maldivian Airways,
GE,TNA,TransAsia Airways,Foshing Airlines|Revival Airlines
N4,TNB,Trans Air Benin,
3P,TNM,Tiara Air,Tiara Air Aruba
6R,TNO,Avianca Cargo México,Aerounion - Aerotransporte de Carga Union
M8,TNU,TransNusa Air Services,TransNusa|TransNusa Aviation Mandiri
7T,TOB,Tobruk Air,Tobruk Air Transport and Cargo
BY,TOM,TUI Airways,Thomsonfly|Thomson Airways|TUI UK
L8,TON,Lulutai Airlines,
9L,TOW,AirTanker Services Limited,ATS|AirTanker
QT,TPA,Avianca Cargo,
TY,TPC,Air Calédonie,Air Caledonie|Transpac Airlines
TB,TPS,Trump Shuttle,Trump Airlines
T0,TPU,Avianca Peru,
K3,TQN,Taquan Air,
3T,TQQ,Tarco Aviation,Tarco Air
HV,TRA,Transavia,Transavia.com
RW,TRB,Thai Regional Airlines,
2T,TRJ,TruJet,Turbo Megha Airways Pvt Ltd
T4,TRL,Transeast Airlines,
FL,TRS,AirTran Airways,AirTran|AirTran Airways Inc.|ValuJet|AirTran JetConnect
H7,TRV,Taron Avia,
WZ,TRW,Transwestern Airlines,
T9,TRZ,TransMeridian Airlines,
TS,TSC,Air Transat,Air Transat A.T. Inc.
R9,TSD,TAF Linhas Aéreas,TAF Linhas Aereas
Q8,TSG,,
UN,TSO,Transaero Airlines,
K9,TSP,TonleSap Airlines,
MC,TST,TranStar Airlines,Muse Air
IF,TSU,Contract Air Cargo,"IFL Group Inc., Gulf & Caribbean Cargo"
YS,TSY,Tristar Air,
L1,TTL,,Total Linhas Aereas
VY,TTN,Highland Express Airways,
IT,TTW,Tigerair Taiwan,Smart Cat
T5,TUA,Turkmenistan Airlines,Türkmenhowaýollary|Туркменские авиалинии
K2,TUD,Yute Commuter Service,
X3,TUI,TUI fly Deutschland,TUI fly|TUI fly Air|TUI fly Airline|TUIfly Air|TUIfly Airline
VK,TUN,Air Tungaru,
4B,TUP,Aviastar-TU,
UG,TUX,Tunisair Express,
TV,TVA,Trans International Airlines,
TO,TVF,Transavia France,Transavia Airlines S.A.S.|Transavia.com France|France Soleil|Transavia France S.A.S.
VZ,TVJ,Thai Vietjet Air,
7O,TVL,Smartwings Hungary,Travel Service Hungary
3Z,TVP,Smartwings Poland,Travel Service Poland
6D,TVQ,Smartwings Slovakia,Travel Service (Slovakia)
T6,TVR,Tavrey Airlines,
QS,TVS,Smartwings,"Travel Service|Travel Service Airlines|Travel Service, a.s."
TR,TVV,Travira Air,
TW,TWA,Trans World Airlines,"Trans World Airlines, Inc.|Trans World Airlines, TWA|TWA Trans World Airlines"
TW,TWB,T'way Airlines,Hansung Airlines|T'way Airline|T’way Air|Tway Air|Tway Airline|Tway Airlines
TI,TWI,Tailwind Airlines,
EC,TWN,Avialeasing,Avialeasing Aviation Company
AL,TXC,TransAVIAexport Airlines,Transavia Export|Transavia Export Airlines
R7,TXG,7Air Cargo,
KV,TXP,Asian Express Airline,
Y7,TYA,Taimyr Air Company,Nordstar
VO,TYR,Tyrolean Airways,Austrian Arrows
ZG,TZP,ZIPAIR Tokyo,ZIPAIR
ZT,TZT,Air Zambezi,
EK,UAE,Emirates,Emirates Group|The Emirates Group|Emirates SkyCargo
UA,UAL,United Airlines,"United|Continental|Boeing Air Transport|United Air Lines, Inc.|United Airlines, Inc.|Varney Air Lines"
UB,UBA,Myanmar National Airlines,Myanma Airways|Union of Burma Airways|Burma Airways|Burma Airways Corporation
BS,UBG,US-Bangla Airlines,
Z0,UBT,Norse Atlantic UK,
C5,UCA,CommuteAir,CommutAir
U7,UCG,UniWorld Air Cargo,
DW,UCR,Aero Charter,
7D,UDC,Donbassaero,Donbassaero Airlines
Z6,UDN,Dniproavia,
EU,UEA,Chengdu Airlines,
UE,UED,Air L.A.,
UR,UGD,,Uganda Airlines|Uganda National Airlines Company Limited
QU,UGX,East African Airlines,
B7,UIA,Uni Air,UNI AIR|UNI Airways
UE,UJC,Ultimate Air Shuttle,
UH,UJX,AtlasGlobal Ukraine,Atlasglobal UA
UK,UKA,AirUK,Air UK|KLM uk
IH,UKI,UK International Airlines,
MV,UKL,Air UK Leisure,
UF,UKM,UM Airlines,
6U,UKR,Air Ukraine,
6Z,UKS,Ukrainian Cargo Airways,
5V,UKW,Lviv Airlines,
ZX,UKZ,Zoom Airlines Limited,
MV,ULE,Leisure International Airways,
YL,ULG,U Airlines,
2N,UMK,Yuzhmashavia,Yuzmashavia
5V,UNI,Community Express Airlines,
5X,UPS,UPS Airlines,UPS Air|UPS Air Cargo
3N,URG,Air Urga,URGA International Joint Stock Aviation Company
6S,URJ,Star Air Aviation,
3T,URN,Turan Air,
SE,URO,European Cargo,
US,USA,Silk Avia,Silk Avia LCC|Silkavia
UH,USH,US Helicopter,
UT,UTA,UTair Aviation,UTair Air|UTair Airline|UTair Airlines|Union de Transports Aériens|UTA French Airlines
QU,UTN,Skyline Express Airlines,Azur Air Ukraine|UTair-Ukraine
UW,UTP,Uni-Top Airlines,
UR,UTX,UTair Express,
QQ,UTY,,
UV,UVS,Air Universal,
UY,UYC,,
HY,UZB,Uzbekistan Airways,Oʻzbekiston havo yoʻllari|UZBEK|Uzbekistan Air|Uzbekistan Airline
V9,VAA,Van Air Europe,
VC,VAL,Voyageur Airways,Voyageur Airways Limited
9R,VAP,Phuket Air,
VU,VAR,Veca Airlines,
V8,VAS,ATRAN,
OT,VAT,Avant Airlines,
VA,VAU,V Australia,
F6,VAW,Fly2Sky,VIA Airways
ZV,VAX,V Air,
2J,VBW,Air Burkina,Air Burkina SA|Air Volta
J6,VCR,Cruiser Linhas Aéreas,Cruiser Linhas Aereas
V0,VCV,Conviasa,
VC,VCX,Ocean Airlines,Bresciair
VI,VDA,Volga-Dnepr Airlines,Russian cargo airline Volga-Dnepr|Volga Dnepr|Volga-Dnepr
PF,VDT,Vayudoot,
V4,VEC,Vensecar Internacional,Vensecar Internacional Compañia Anonima
VZ,VEL,Velvet Sky,
V4,VES,Vieques Air Link,
TV,VEX,Virgin Express,
0V,VFC,Vietnam Air Services Company,
6V,VGA,Air Vegas,
NJ,VGD,Vanguard Airlines,
E3,VGO,New Gen Airways,
VA,VIA,VIASA,JSC Venezuelan International Airways|Venezolana Internacional de Aviación S.A.|Venezolana Internacional de Aviación Sociedad Anónima
WR,VID,Aviaprad,
4P,VIK,Viking Airlines,
V6,VIL,VI Airlink,
VL,VIM,Air VIA,
VS,VIR,Virgin Atlantic,Virgin Sun Airlines|Virgin Atlantic Little Red|Virgin Atlantic Air|Virgin Atlantic Airline|Virgin Atlantic Airlines
MV,VIT,Aviastar,
VB,VIV,Viva,"Aeroenlaces Nacionales, S.A. de C.V.|Viva Aerobus|VivaAerobus"
V6,VIZ,Aerovis Airlines,
J7,VJA,ValuJet Airlines,
VJ,VJC,VietJet Air,VietJet|VietJet Airline|VietJet Airlines|VietJet Aviation Joint Stock Company
DK,VKG,Sunclass Airlines,Thomas Cook Airlines Scandinavia|Scanair
VQ,VKH,Fly Hellas,
V5,VKO,Vnukovo Airlines,
VE,VLE,Volare Airlines,Volare
VY,VLG,Vueling,Vueling Air|Vueling Airline|Vueling Airlines|Vueling Airlines S.A.
V5,VLI,Avolar,Avolar Aerolíneas
XF,VLK,Vladivostok Air,
VG,VLM,VLM Airlines,flämische Lufttransportgesellschaft|Vlaamse Luchttransportmaatschappij
LC,VLO,Varig Logística,Varig Logistica|VARIGLOG
VF,VLU,Valuair,
SJ,VND,Aviandina,
VN,VNE,Venezolana,RAVSA
JW,VNL,Vanilla Air,Vanilla Air Inc.
WB,VNR,Wan Air,
AO,VNV,Avianova,
L6,VNZ,TAM Air,TbilAviaMsheni
VM,VOA,Viaggio Air,
Q6,VOC,Volaris Costa Rica,
V7,VOE,Volotea,
Y4,VOI,Volaris,Volaris Air|Volaris Airline|Volaris Airlines
N3,VOS,Volaris El Salvador,
VA,VOZ,Virgin Australia,Virgin Australia Regional Airlines|Virgin Blue|Virgin Australia Air|Virgin Australia Airline|Virgin Australia Airlines Pty Ltd.
V5,VPA,Danube Wings,
VV,VPE,Viva Air Peru,VivaAir.com
VQ,VPP,Vintage Props and Jets,
VP,VQI,,VILLA AIR FLYME
VX,VRD,Virgin America,
HF,VRE,Air Côte d'Ivoire,
RG,VRG,Varig,VARIG – Viação Aérea Rio-Grandense S.A.|Varig Brasil|VARIG S.A.|Viação Aérea Rio-Grandense
VR,VRH,,Varesh Air
VP,VSP,VASP,Sao Paulo Air Ways|VASP Viação Aérea São Paulo|Viacao Aerea Sao Paulo S/A|Viação Aérea São Paulo S/A
DV,VSV,SCAT Airlines,PLL SCAT Air Company|Sunday Airlines
VT,VTA,Air Tahiti,
LF,VTE,Contour Airlines,Corporate Flight Management|Countour Aviation
UK,VTI,Vistara,
5V,VTS,Everts Air,Everts Air Cargo
TU,VTU,Turpial Airlines,
VU,VUN,Air Ivoire,Societe Nouvelle Air Ivoire|Société Nouvelle Air Ivoire
V6,VUR,VIP Ecuador,
6I,VVA,Aviast Air,
VH,VVC,Viva Air Colombia,Fast Colombia|Fast Colombia S.A.S.|Fast Colombia SAS|VivaColombia
ZG,VVM,Viva Macau,VIVA Macau Airlines
G2,VXG,Jet Express,
XP,VXP,Avelo Airlines,Avelo|Xtra Airways
FV,VXY,Südavia,
NB,VZL,Vzlet,
WV,WAA,Westair Aviation,
F4,WAF,Air Flamenco,
DJ,WAJ,,
K8,WAL,World Atlantic Airlines,
KW,WAN,Wataniya Airways,
WU,WAU,Wizz Air Ukraine,
4W,WAV,Warbelow's Air Ventures,
WQ,WAW,Wings Airways,
7W,WAY,,Wayraperu
5W,WAZ,Wizz Air Abu Dhabi,
3E,WBR,Air Choice One,Air Choice One Airlines
SP,WCC,Sky Pasada,
FE,WCP,Primaris Airlines,
YH,WCW,West Caribbean Airways,WCA
WH,WDL,WDL Aviation,Westdeutsche Luftwerbung
C8,WDY,Chicago Express Airlines,WINDY
W2,WEA,White Eagle Aviation,
WH,WEB,WebJet Linhas Aéreas,WebJet Linhas Aereas
WR,WEN,WestJet Encore,
2W,WFL,World2Fly,
KD,WGN,Western Global Airlines,
WI,WHT,White Airways,White Air|White Airline|White Airlines|White colored by you|White coloured by you
WM,WIA,Winair,Windward Islands Airways
WF,WIF,Widerøe,Wideroe|Widerøe Air|Widerøe Airline|Widerøe Flyveselskap|Widerøe’s Flyveselskap
WG,WIG,Wiggins Airways,
WS,WJA,WestJet,West Jet|West Jet Air|West Jet Airline|West Jet Airlines|WestJet Air|WestJet Airline
L4,WLB,Wings of Lebanon,
2W,WLC,Welcome Air,
W4,WMT,Wizz Air Malta,
WO,WOA,World Airways,
IW,WON,Wings Air,
3P,WPT,,
7W,WRC,Windrose Airlines,
8V,WRF,Wright Air Service,WRIGHT FLYER
FW,WRT,Wright Airlines,WRIGHT
WH,WSF,Westair Benin,Westair Bénin
WT,WSG,Wasaya Airways,
WU,WST,,WT|Western Air Limited
WO,WSW,Swoop,
FK,WTA,Africa West Airlines,Africa West
W7,WTJ,Whitejets,Whitejets Transportes Aéreos|Whitejets Transportes Aéreos Ltda.
W9,WUK,Wizz Air UK,
8Z,WVL,Wizz Air Bulgaria,
CN,WWD,Westward Airways,
EM,WWM,Wings West Airlines,Wings West
3J,WZP,Zip,
W6,WZZ,Wizz Air,Wizz Air Hungary|Wizz Air Hungary Airlines Ltd.
P2,XAK,Airkenya Express,
XN,XAR,Xpress Air,Xpressair
D7,XAX,AirAsia X,AirAsia X Berhad|AIRASIA X BERHAD|AirAsia X Bhd.
JN,XLA,XL Airways UK,XL Airways
SE,XLF,XL Airways France,
F2,XLK,Safarilink Aviation,
XM,XME,Australian air Express,Australian airExpress
FO,XPD,Expedition Airways,
7A,XRC,Express Air Cargo,
3Q,XYC,Aero Chasqui,
8O,YWZ,West Coast Air,WESTCOAST AIR
Y8,YZR,Suparna Airlines,Yangtze River Express
K8,ZAK,Zambia Skyways,
ZA,ZAS,ZAS Airline of Egypt,
3Z,ZAW,Zoom Airways,
ZJ,ZMA,Zambezi Airlines,
ZO,ZOA,Zoom Air,
